UNK,0.061657,-0.023505,-0.0588679,0.106501,0.0275539,0.060786,0.0195129,0.368248,0.167682,0.0484351,-0.124391,-0.139556,0.0764138,-0.1338,0.0905817,0.0931776,-0.105383,-0.0155857,0.00370936,-0.195107,-0.0473177,-0.00652211,-0.153109,0.0148209,-0.0503907,0.0100986,0.0628157,0.05629,-0.198265,0.0694776,-0.0915908,0.0138395,0.000243888,-0.0222336,0.0144835,0.121623,-0.00673314,0.0348478,0.121887,-0.209286,0.0103172,0.00709648,0.455166,-0.0123894,-0.0283431,-0.143921,-0.0228478,-0.208017,-0.0641289,-0.0275659,0.101691,-0.0192503,-0.258914,-0.0494881,-0.100293,-0.281038,0.0272536,0.110379,-0.0453638,0.049096,-0.0537282,-6.5227e-05,-0.200464,-0.117152
_,-0.108929,-0.000302734,-0.0280999,0.0583122,-0.200682,-0.00806599,-0.00525064,-0.586837,0.013272,-0.0177607,0.0640494,-0.0177673,0.0125148,0.00832718,0.00181573,-0.00491458,0.299217,-0.0148197,-0.00148668,0.00476775,0.129416,-0.0461366,0.0244911,-0.079428,0.0924482,-0.00453613,-0.100815,0.0187719,-0.0664427,0.0302593,-0.0321478,0.0864098,0.0891187,-0.0109517,0.135519,0.0442565,-0.0520749,0.0223075,0.0083165,-0.0189989,-0.0155409,0.0142278,0.58107,-0.0681508,0.0249774,0.0376978,0.0139134,0.0972147,0.0523729,0.0509472,0.0429369,0.105507,-0.0580922,0.0350858,0.0218083,-0.00051383,-0.0343663,0.020971,0.12189,-0.0483006,-0.0346941,-0.017746,0.0664697,0.104762
о,0.023309,-0.00728378,0.0156481,-0.0407171,-0.158665,-0.0342466,0.00702837,0.0436833,-0.0166479,-0.00593831,0.3778,0.0163514,0.0509125,-0.0161191,-0.0333681,0.0317009,-0.0893709,0.0645944,-0.0126384,0.0105055,-0.255149,-0.00727162,0.0230161,-0.0761675,0.0767073,0.0184342,-0.249558,-0.036137,0.0067819,0.0241616,0.0608616,-0.0142741,0.239254,-0.0339672,0.0461556,0.00640677,0.0569662,0.0406124,-0.00623613,0.0316077,0.00795867,0.0381644,-0.634575,0.0269001,-0.0169383,-0.00998824,0.00179615,0.000991713,-0.073332,0.0113846,-0.0357173,0.0133219,0.179441,0.23755,0.0899186,0.0411791,0.0151689,0.0204234,0.278096,0.0286154,0.0171375,-0.0588735,-0.0527581,0.0106956
е,-0.111246,-0.0342405,0.00355399,0.02045,-0.0436712,0.00838042,0.0182057,-0.00692083,-0.0231512,0.00649825,0.128792,0.0703158,0.0113817,0.0287828,-0.0481775,-0.00165173,-0.144613,-0.0120571,-0.028786,0.0386083,0.219089,0.00606344,0.0102692,-0.0117054,-0.00165463,-0.00363956,-0.140856,0.0404223,-0.00813412,0.000199246,0.0686204,0.158553,0.0508132,0.0137539,0.0792176,0.0682877,0.175686,-0.0234283,-0.0488614,0.0823343,-0.0276584,0.022137,-0.671059,-0.155881,-0.00242722,-0.0812814,0.0114543,-0.0479718,0.165798,-0.00870443,0.0207175,-0.0937251,-0.340187,0.296897,0.189852,0.0146575,-0.0144978,-0.00915763,-0.0860334,-0.00804607,-0.000872561,0.0134255,-0.0321662,-0.100569
и,0.00799969,0.00550493,0.00487792,-0.0410002,-0.269192,-0.0177479,0.00809991,0.104161,0.0159131,-0.0529987,-0.271787,0.0122874,0.0201579,-0.00257398,-0.0221179,-0.0115353,0.0660175,-0.0603941,0.0739165,-0.00037146,-0.290019,0.00605437,0.0345018,-0.124578,-0.0193212,0.033667,0.311087,-0.0689394,-0.0206277,-0.024805,0.0956248,0.279137,-0.08796,-0.0408509,-0.105116,0.0856203,-0.0574157,0.0337352,-0.00876256,0.0478483,0.0210624,0.0254774,-0.574162,0.0518578,0.0546736,0.149381,-0.00921385,0.0322745,-0.0356077,-0.0271943,-0.0159765,-0.00876488,-0.233179,0.138751,0.11303,-0.00428337,-0.0220851,-0.0133312,-0.181262,0.00455919,-0.0193531,0.0126758,0.106904,0.0469134
а,-0.0867961,-0.0338192,0.0116571,0.0270946,0.160382,-0.000721371,-0.0131515,0.0173995,0.00624169,-0.0115036,0.117909,-0.0241274,-0.0353644,-0.0123461,-0.237286,-0.047724,0.0869798,-0.0585155,0.00603699,0.0468702,-0.166909,0.0113136,-0.00736973,-0.167864,0.00656716,0.0248706,0.124899,0.0403696,-0.0236722,-0.0120537,0.0273852,-0.194477,0.122725,0.0246287,0.0448153,0.0820828,-0.168436,-0.0299913,0.0263351,0.0303722,0.00915006,-0.0304476,-0.573541,0.0244479,0.00856132,-0.0201185,-0.205381,0.0388716,0.0095988,0.0512426,0.00308118,-0.227737,-0.44809,0.219217,-0.120998,-0.0440924,-0.03555,0.00985409,0.0994872,-0.0182995,0.00455901,-0.00486141,0.032564,0.0160839
н,0.208048,-0.0220112,0.0212762,0.00202837,-0.0726435,-0.0263804,-0.0304642,-0.155045,-0.0203866,-0.0166569,-0.392738,-0.0227321,-0.00231659,-0.0119473,0.0387109,0.0156016,0.0525277,0.00534946,-0.0287518,-0.0397749,0.0663092,0.0147582,-0.0199187,-0.0869761,-0.125545,-0.0286866,0.061439,0.0102956,0.0404146,-0.0388038,-0.0390931,-0.283249,-0.40912,-0.00456838,0.063013,-0.0106657,0.0291718,0.0133056,-0.0116767,-0.055418,-0.0321117,0.0275359,-0.422169,0.0641018,-0.014973,-0.0239871,-0.0868475,-0.126575,0.27507,-0.00319786,-0.0448935,0.0136612,0.325429,0.0806764,0.00275839,0.0355843,-0.00876396,0.00232684,-0.185558,0.00871843,0.00879127,0.020723,0.142721,0.11454
т,0.234745,0.00212889,-0.0375466,0.00117296,-0.0565815,0.00435909,0.051204,0.0146773,0.0136389,-0.0239471,0.113364,0.0389235,-0.0631578,0.025602,0.00295952,-5.43365e-05,0.0600044,-0.0338838,-0.0264774,-0.0414151,0.109544,0.00179042,-0.00838948,0.135185,0.151468,0.0392185,-0.191911,0.0618308,0.00678589,0.00904005,0.0337749,0.103902,-0.0628953,0.0246407,-0.0260814,-0.0228074,0.0936138,-0.00899136,0.0315832,0.0295656,0.00458265,0.0104452,-0.513617,0.0839776,-0.0282746,-0.0487199,0.0888096,0.00229855,0.00729942,-0.0312663,-0.000103366,0.150978,0.0686792,-0.460949,-0.207097,0.017227,-0.00670706,0.00858866,-0.27315,0.00868468,0.0116832,-0.0136464,-0.00202984,0.380879
с,0.0674288,0.0341429,0.0140382,0.00193393,-0.0773609,0.00242392,0.0145868,-0.189622,-0.00778922,-0.0133779,0.167636,-0.0718969,0.089772,-0.00802618,0.081947,0.0207902,-0.276899,-2.69769e-05,0.0102974,0.0615654,-0.0117843,-0.0191797,0.00673396,-0.10267,-0.0954761,0.000477931,0.00727421,-0.0144802,-0.0338721,-0.00136932,-0.0728661,-0.21452,0.0406012,-0.027618,0.00448288,0.0297802,-0.10506,-0.0391766,0.0530033,-0.0811962,0.00247746,-0.0164992,-0.345261,-0.166488,0.0140675,0.24805,0.0525669,-0.0482056,-0.236869,-0.0295691,0.0130643,0.0230144,0.106554,-0.44313,0.00784428,-0.0465027,-0.0453276,0.00510597,-0.214822,-0.014717,-0.0254848,-0.0147349,0.164124,-0.407977
р,-0.213206,-0.015589,-0.0381614,0.0122697,0.0359703,0.00826023,0.0516437,-0.106804,-0.0040333,0.00364396,-0.279367,-0.0219321,-0.0748875,0.0147872,0.0117667,0.0218062,-0.044218,-0.00549133,0.00144425,0.00725088,0.00260804,0.0200536,-0.0262264,0.157813,-0.0854581,-0.00889916,0.150287,0.0232936,0.0406137,0.073705,0.0584493,0.0757711,0.419989,-0.0107571,-0.0612976,-0.0511021,-0.0119351,-0.0218913,0.0759047,-0.00356368,0.0083517,-0.0365091,-0.232374,-0.00873976,-0.0110416,-0.0930552,-0.11332,-0.0373659,0.142895,0.0177192,-0.00144432,-0.102116,0.674006,-0.0435042,-0.0227707,-0.0469501,0.00475485,-0.0115113,0.08842,0.00904443,0.0211465,0.0130082,0.0583111,-0.0869921
в,-0.438672,0.0527123,-0.0125538,0.0293534,-0.0251213,0.00343468,0.0133894,0.123727,0.016004,0.00282115,-0.211155,-0.0919754,-0.0423521,-0.000246423,0.105656,0.0331829,0.0735732,0.0542741,-0.00672448,0.00517406,-0.23796,-0.00570052,-0.0184079,0.0554323,0.0491953,0.0015144,-0.281899,0.00542173,0.00590325,-0.00986515,0.0339313,-0.112671,-0.525622,-0.00617142,-0.0192331,-0.183141,-0.030613,-0.0683367,0.0190616,-0.14862,-0.06484,-0.0159691,-0.18411,-0.195879,0.04303,-0.14794,0.0495994,-0.0575213,-0.240871,0.0414178,0.0174025,0.036855,0.0589823,-0.137878,-0.0322778,-0.0125384,0.0478586,0.00488498,0.121348,0.0198095,0.00878373,-0.0194061,0.0469208,-0.0786575
л,-0.0116467,-0.0378025,0.0131816,0.0222114,0.267089,-0.0180422,-0.0440382,-0.132185,-0.00316408,8.03307e-05,-0.554843,0.104515,0.0506471,-0.0184652,-0.0311939,-0.023543,0.0426433,-0.0498508,0.0346484,-0.0166448,-0.0532435,0.0112862,-0.0306313,0.148822,-0.0391515,0.000409595,-0.244527,-0.0132961,-0.00105558,-0.0172486,-0.0535656,-0.0803327,0.356443,-0.00962265,0.106258,0.0643037,-0.0318172,-0.0122364,-0.00974146,0.0532034,-0.0056895,-0.0276453,-0.420132,-0.0068773,-0.000561102,-0.107624,0.259353,-0.0306139,0.0117257,0.00592476,-0.0120733,0.0992676,0.132555,-0.113718,-0.130368,0.0181779,0.00490239,0.000509153,-0.120987,-0.0160851,-0.0142429,-0.010073,-0.0563282,-0.0180581
м,-0.268042,0.0138729,-0.0192469,-0.0441353,0.293963,-0.0382367,0.00113836,0.0490313,-0.00891361,-0.00371212,-0.133706,-0.034505,0.0420074,-0.0651447,-0.0129783,-0.0111594,-0.276635,0.133183,-0.00543177,-0.0326389,0.155969,-0.0363657,0.0522917,0.267157,0.0106776,0.034531,0.0738599,-0.0501428,0.0457104,-0.0158674,-0.0438803,0.0157678,-0.330229,0.00849311,-0.104596,-0.0209755,-0.333466,0.084573,-0.0585196,0.0855308,0.0470492,0.0274324,-0.223932,-0.00408667,-0.0137369,0.239327,0.181521,0.295922,0.166874,-0.0806614,-0.00329321,0.13678,0.10417,0.124057,-0.134443,-0.0159224,0.0694654,0.00105548,-0.0337648,-0.00939222,0.0160154,-0.0188848,0.00175073,0.126364
к,-0.0852991,-0.0529716,-0.0180284,0.084887,-0.294855,0.00863397,-0.0795854,0.0248908,-0.0260951,0.020898,0.128198,-0.121914,0.0556653,0.018185,-0.0959029,-0.0141201,0.154842,-0.0411534,0.0582865,-0.0202697,0.155944,0.0194907,0.00906697,0.30692,-0.204774,0.0250098,0.323493,-0.002814,-0.0530211,-0.0493614,0.115045,-0.170729,-0.162253,0.00104516,-0.150013,-0.123451,-0.045412,-0.0687287,-0.0150821,-0.0491137,-0.0117677,-0.0389451,-0.346892,0.0865482,0.0482997,0.00243855,0.286374,0.0103197,-0.172553,0.0505555,0.0175937,-0.290738,0.142325,-0.0343472,-0.082072,0.0134429,0.00850831,0.0410696,0.133241,-0.0500134,-0.0354086,-0.00941432,0.0247632,0.207249
д,0.164131,-0.0177681,-0.0131924,0.0552185,0.232129,-0.00102176,0.0206712,-0.193773,0.00382324,-0.0370661,0.206691,0.0415845,-0.098907,-0.0157782,-0.0381595,0.0159731,0.154802,-0.0358247,0.0095076,-0.0386699,-0.144708,0.0143642,-0.00213344,0.386434,0.237222,0.00402911,0.205775,-0.022034,0.0267574,-0.00643871,-0.11053,0.173549,-0.378583,-0.0123791,-0.139723,-0.00565716,-0.126932,0.0233448,0.0498473,-0.0126364,-0.0138925,-0.00935237,-0.249549,0.048024,0.0277889,0.0426916,-0.0119837,-0.0663802,-0.0325694,0.0982562,-0.0245353,0.0809906,0.288244,0.114314,-0.0639028,0.0146532,0.0252615,0.0153155,-0.122105,-0.0149601,0.00790715,-0.0621222,-0.154744,-0.253006
п,0.0680407,0.0298228,0.0590044,-0.0143198,0.0413751,0.000126878,-0.037838,0.106508,0.0133168,0.0158003,0.15466,0.0482583,0.0950304,0.00623236,-0.0148472,-0.0524594,0.037071,-0.0209144,-0.0119631,0.024109,0.0531631,0.0379954,0.00767887,0.231915,-0.188917,-0.029757,-0.248717,-0.00258175,-0.000391216,-0.0854087,-0.0458355,0.0693934,-0.488982,-0.00508868,-0.0197554,0.183957,-0.087027,0.0453469,-0.00162334,-0.0553421,0.0159889,-0.00461921,-0.157889,0.0998669,-0.000418682,-0.097541,-0.236056,0.145518,-0.0835881,-0.05832,0.0140429,-0.335684,0.114392,-0.415703,0.148676,-0.038305,-0.0144171,-0.0098845,0.0802791,0.00327544,0.0338836,-0.0157807,0.124862,0.0124936
у,-0.104009,-0.0398965,0.0370184,-0.0274253,0.0780963,-0.0243388,-0.0749719,0.0699997,-0.0167359,0.0626291,0.0585719,-0.0298454,0.0266817,-0.00680223,0.302722,0.0437474,0.191204,-0.0249133,0.0162286,0.0172206,-0.230754,-0.0375065,0.0385333,-0.141774,0.0167426,-0.0266338,-0.130267,-0.0328961,0.0306012,0.0974247,0.0677966,0.0537289,0.082752,-0.0276115,-0.0958274,-0.0536418,-0.0838144,-0.00636105,-0.0112847,-0.0285776,-0.0332141,0.00111553,-0.515268,-0.0189272,-0.0175521,0.0120319,0.138025,0.00417461,0.503544,-0.0162543,-0.00617216,-0.127769,-0.209524,-0.130389,-0.0168089,0.0189811,0.0189162,0.0554983,0.236396,0.00476285,-0.0258083,0.00491929,-0.00159094,-0.0925147
ы,0.303812,-0.0262451,-0.0181043,0.0219115,0.179539,-0.042474,-0.0367491,0.0748818,0.00901691,0.0303546,-0.055592,0.0400951,0.00158223,0.0443509,0.125666,0.0357066,0.0102117,0.0814524,-0.0143034,0.0409299,0.183096,0.00617994,-0.0177776,-0.267839,0.0161792,-0.00141401,-0.0165018,0.00796723,0.015754,0.0181571,0.00498728,0.231561,-0.0143514,-0.0149147,0.0138344,-0.021079,0.232363,-0.0289444,-0.0177161,-0.0699182,-0.0401712,0.00967084,-0.39132,-0.00933168,0.00695096,0.100563,0.114657,0.0589473,-0.377915,-0.0117507,-0.00140696,-0.274138,0.161965,0.346758,-0.180942,0.0075692,0.0130743,0.0104603,0.0504448,-0.0131563,0.0193958,-0.00202092,0.0107373,-0.16652
я,-0.082425,0.0426957,-0.029582,0.0299886,0.019662,0.00399241,0.0412081,0.122915,0.00197255,-0.0399351,-0.0723206,-0.0583751,0.0019743,-0.0548929,0.223625,-0.00989453,0.149229,0.030421,-0.000917762,-0.0466986,0.232577,-0.0124798,0.0294054,0.0131605,0.0159872,-0.0454313,0.0883278,-0.0218196,0.0754797,-0.122511,-0.0292037,-0.098739,0.179245,0.0191326,-0.318813,-0.0519115,0.33218,0.0368971,-0.0188951,-0.0140414,0.0363266,-0.0174307,-0.414196,0.0444434,0.00471563,0.0517653,-0.231446,-0.0568779,-0.183369,0.0213757,-0.00787213,0.116497,-0.452664,0.0997194,-0.0242718,0.038705,0.0401408,-0.0188699,0.0960506,-0.00623728,0.00968826,-0.00555574,0.0971065,-0.131469
з,0.412342,0.0120954,0.00909575,-0.0238139,0.370204,-0.00298252,-0.0314356,-0.207528,0.0115077,-0.012902,0.149097,-0.151011,0.0524552,-0.0107594,0.15299,0.00949071,-0.0703737,-0.00474595,-0.0117363,-0.00336196,0.0163674,-0.0226477,0.0169065,-0.00892386,-0.161546,0.0556665,0.2405,0.0113123,0.0270614,0.0564205,-0.0433711,-0.0332212,-0.0102406,-0.00584633,-0.224078,-0.067766,-0.152351,0.041744,-0.0747887,-0.0415258,-0.0187994,0.013046,-0.220389,-0.0555923,0.0112156,-0.42291,0.0537778,-0.110124,-0.0758846,-0.00263535,0.0311532,0.129219,0.0793965,-0.099834,0.213595,0.00643262,0.0610845,0.00328318,-0.0648504,0.058529,-0.00229117,0.0194921,0.0623913,0.204
",",0.0676599,-0.0223703,0.0522883,-0.00846135,0.0596483,-0.0671203,-0.0720562,-0.0806578,-0.0466041,-0.00409501,-0.07743,-0.0862076,0.0249887,0.0178986,0.0698953,0.0192019,-0.335839,0.0422646,0.0206477,0.00368676,-0.252059,-0.0115021,0.0376179,-0.0719989,-0.110525,-0.0212839,-0.168542,0.00323008,0.0108897,0.0814261,0.243106,-0.149825,0.173809,0.00195483,-0.175377,-0.129107,0.0255679,0.101687,-0.0661953,-0.018984,0.00938818,0.0390483,0.119444,0.0926722,0.0431278,0.0332266,-0.158793,-0.12899,0.0416193,0.0527185,-0.0341062,-0.339764,0.0315961,-0.034722,0.0198086,0.0366099,-0.0376639,-0.00338955,-0.382451,-0.0335765,0.0276424,-0.0642505,-0.440328,-0.0236808
ь,-0.547512,-0.016448,0.00730964,-0.00868104,0.0403774,-0.00807996,0.00874609,0.117953,0.0149,0.0499055,0.00967361,0.0123993,0.0234185,-0.00655094,0.0459511,-0.026239,0.179436,0.0381213,-0.026582,0.0602731,0.0354822,-0.00379948,0.00742542,-0.186623,0.207928,0.00650961,0.391796,-0.0066867,0.00290325,-0.0734331,0.0953411,-0.00816892,-0.136745,0.031514,0.0526296,-0.0557136,0.132033,-0.004392,-0.0241952,0.0255739,0.0721173,0.0475289,-0.17336,0.128689,-0.0472268,-0.199704,-0.0949302,0.0836672,-0.11759,-0.0449903,0.0137041,0.19533,0.0636465,-0.172488,0.11586,-0.0111201,-0.0155944,-0.00815859,-0.288306,-0.0490108,0.00556151,-0.00547449,-0.193742,-0.104101
г,-0.0468773,0.000377426,-0.00547695,-0.0114913,0.340598,-0.000198572,0.027659,0.0300659,0.00123068,0.0147902,0.0584935,0.000789559,-0.142807,-0.0358876,-0.103103,-0.0174362,0.0134631,-0.110331,0.0177085,0.041584,0.159435,-0.000970273,0.0135806,-0.130556,-0.402962,0.00871633,0.061354,0.0026673,-0.0182871,0.109003,-0.162461,0.0919076,-0.321795,-0.0131054,-0.0241064,0.0266732,0.132329,0.0294223,0.050564,-0.015284,-0.00255825,0.0155216,-0.104324,-0.00778841,-0.00569298,0.225576,0.138243,-0.0830032,-0.111936,-0.00972314,0.00122065,0.102868,0.10757,-0.274844,0.122945,-0.0116355,0.0503699,0.000218688,0.27264,0.00321507,-0.0276117,0.0123508,-0.385466,0.0844773
б,-0.0698099,-0.022647,-0.0140142,-0.00950025,-0.0639019,0.0150339,-0.000500374,0.00229155,0.0114704,-0.0066916,0.0904508,0.0204834,0.0418852,2.07339e-05,-0.117179,0.00396337,-0.0127164,0.0424474,0.0152635,-0.0271547,0.0430688,0.0206458,-0.000778115,-0.0110751,-0.128192,-0.0100681,-0.150822,0.0790425,0.0137845,0.0916786,0.11403,-0.180647,-0.588502,-0.00793015,-0.208657,0.0388009,-0.0393979,-0.0621302,-0.0490893,0.191797,-0.015554,0.0139558,-0.234906,0.0980528,0.0111096,-0.217716,-0.208389,-0.110409,0.15445,0.0567273,0.0215251,0.163037,0.158054,-0.20837,-0.208291,0.066673,-0.0541932,-0.0197751,0.0812963,0.000340456,0.00036578,-0.020013,-0.0295201,-0.273237
ч,-0.12075,-0.00681131,-0.0251357,-0.0139804,-0.119163,0.0158609,0.0590191,-0.0155391,0.0264583,-7.48614e-05,-0.0720211,-0.0289079,-0.029301,-0.0191311,0.0704313,0.0114652,-0.0360788,-0.0954386,0.00443658,-0.0906426,0.400487,-7.92052e-05,-0.00483783,0.149623,0.501288,0.012002,0.244651,-0.00547314,0.0131422,0.148087,-0.0511364,-0.205182,-0.189536,-0.0193776,0.0330632,0.100264,0.0339278,0.0566168,0.0680839,-0.126313,-0.00874708,-0.0304847,-0.295526,0.170821,9.89456e-06,0.000126341,0.152818,0.0740682,-0.0864299,0.0529197,-0.00263627,-0.0690427,0.109928,-0.184329,0.166619,-0.0172761,0.0023417,0.00884994,0.0998718,0.0472275,0.00571164,-0.000949893,-0.0653317,-0.2219
й,-0.389935,-0.0142659,-0.0159997,0.0416284,0.504811,-0.0159324,-0.029043,0.171299,-0.00231496,-0.00816576,0.122526,-0.048214,-0.000711253,0.0306392,0.0880619,0.00308648,-0.123647,0.0107299,0.00690688,-0.0351157,0.0819645,0.0248326,-0.00463783,-0.083679,0.151327,-0.0077067,0.0115378,-0.0251471,-0.0545402,-0.0442168,0.00479671,-0.0522236,0.0641472,-0.03241,-0.0084629,0.0812893,0.18224,-0.00626808,-0.014771,-0.12539,-0.0225189,0.0229035,-0.128274,0.00574308,0.0418888,0.31573,-0.164739,0.0786538,0.133772,0.0415814,0.0165909,0.160353,0.153411,0.0997481,0.123527,0.0114318,0.0415716,0.0129866,-0.144156,-0.0226204,0.0146968,-0.0302606,0.204971,0.312699
х,-0.187122,-0.0167892,0.0223661,0.0329795,0.35396,0.00282968,0.0243489,0.132335,-0.036107,0.0230197,0.0511254,0.137853,0.0343201,0.0275435,-0.162101,0.0511086,-0.249216,-0.0407272,0.0180511,-0.042048,0.357973,0.0112908,0.0293897,-0.114661,0.0280559,-0.0251961,-0.0900554,-0.0219524,-0.0144883,-0.0399556,-0.00317871,-0.074986,0.0106815,-0.0229283,-0.123354,-0.175953,-0.390877,-0.0905546,0.0761034,0.0641935,-0.0445354,-0.0323974,-0.147644,0.000418417,0.0390617,-0.167941,-0.102783,-0.0508105,-0.0565951,-0.0727192,-0.0110002,0.136882,0.134526,0.0536472,0.2751,0.0056314,-0.00952956,0.028935,-0.0448059,-0.0419812,-0.0258079,0.0276137,0.0672239,0.346033
.,0.00821753,0.00163253,-0.0533697,0.0155085,0.0234602,0.0279314,0.0219116,-0.0094483,0.0250222,-0.0367469,-0.120301,0.0191115,-0.0526226,0.0591886,-0.154252,-0.0194863,-0.54061,-0.0154945,-0.0181622,0.00916156,-0.179541,-0.0512283,0.056791,0.0181278,-0.0270623,0.0305954,0.0381751,-0.0316845,-0.00249565,-0.144971,-0.0315841,-0.162743,0.0184243,-0.0180846,-0.135163,-0.0586258,0.232469,0.023491,0.0183845,-0.136395,0.00791222,0.0684171,0.43327,0.129016,0.0223309,-0.200691,0.0545768,-0.276677,0.174348,-0.0672259,-0.01028,-0.178931,-0.227895,0.0381886,-0.0765399,0.0414735,0.0073933,0.00602417,-0.0133209,-0.0616088,-0.0156026,-0.00840205,-0.0070867,-0.0771756
ж,0.132869,-0.00869964,0.018743,0.0027793,0.285172,0.00245507,0.0632087,-0.153597,-0.0224185,0.00261089,-0.117418,-0.0997771,0.124332,0.00992095,-0.037175,0.00336868,-0.273048,-0.0210742,-0.0170804,-0.0931606,0.109355,0.01319,-0.00337596,-0.241942,0.0318508,0.00461515,0.251051,0.00812319,-0.034761,0.00883508,0.0766111,0.059451,-0.288143,-0.0198845,0.151076,-0.149288,0.229218,-0.00278846,-0.00223096,0.054107,-0.0430643,-0.0037191,-0.21058,0.0445656,0.00822254,-0.061101,-0.0571809,0.344652,0.0591754,0.00481439,0.0335653,0.039108,0.129896,-0.266298,0.0624335,-0.00778438,0.00594569,-0.020854,0.355178,0.0501103,0.0175582,0.000905066,-0.0822227,-0.10063
ю,-0.0456682,0.0245863,-0.0478612,-0.0324376,0.0895704,-0.0377919,0.0255456,0.0848849,0.0145561,0.00782091,-0.0127107,0.013509,-0.0536205,0.0876762,-0.120353,0.0378683,0.0968307,0.227077,-0.0544998,-0.0536652,0.109595,-0.00014953,0.0078525,0.0666334,-0.282666,-0.0138019,0.257701,0.00552289,0.00774517,0.0679139,0.06137,0.0684567,0.23842,-0.0129906,0.202294,-0.091743,-0.114266,0.066735,0.0354133,-0.104079,-0.0241836,0.043702,-0.394201,0.292994,-0.021997,-0.147889,0.0188962,-0.0379039,0.00127651,-0.0289254,0.00286038,0.231865,-0.421385,-0.101093,0.0313177,0.00974664,0.00841606,0.0141009,-0.158822,0.0218504,0.0268985,-0.0729065,0.0166327,-0.164353
ц,0.152952,-0.0413723,-0.0355298,-0.002236,0.0321305,-0.0223082,0.0381202,-0.143591,0.00400632,-0.0128823,-0.237507,0.183578,0.019085,0.0733624,0.16375,0.0288075,-0.0766476,0.138828,-0.0282495,0.0716135,0.110429,-0.0167817,0.00985506,0.289461,0.137365,0.0253509,0.338753,-0.00564253,-0.0349088,0.0314652,0.183404,-0.171958,-0.146711,-0.0247444,-0.094297,0.0597088,-0.0604592,0.0538141,-0.0125627,0.141639,-0.00111789,0.0483605,-0.108193,-0.334429,-0.0142801,0.0142534,-0.186416,0.0605407,-0.223461,-0.0703004,0.00169989,0.0254689,-0.0765959,-0.167948,0.272771,0.0266488,-0.0403044,-0.00971694,0.200374,-0.0139699,0.00310157,0.00664986,-0.105189,0.234991
ш,0.383378,0.0234653,0.0126197,0.0378564,-0.0359937,0.00223,-0.0846075,-0.299393,-0.0341322,0.0418235,-0.0142054,0.0232094,-0.0532996,0.0517335,0.259116,0.00365603,-0.286973,-0.0903559,0.0778002,0.179984,0.138667,0.027675,0.00457692,0.13431,0.118286,0.00460328,0.191044,-0.0198206,0.0217252,0.111806,0.122538,-0.125268,-0.221238,-0.0207436,0.274373,0.0985356,0.132118,-0.118801,-0.0361183,-0.0405299,0.00734741,-0.0225817,-0.220854,0.192953,0.0727893,-0.013795,-0.0804969,0.257805,-0.0684126,-0.0564796,0.0108114,0.154906,-0.0231542,0.00709902,-0.0687709,-0.00640264,0.00950329,0.0161638,0.0792301,0.00645498,-0.0109495,0.0577332,-0.174307,0.0558655
щ,0.227683,0.00128557,0.022183,-0.00536828,0.026862,0.00516608,0.0173999,-0.214224,-0.025354,-0.0199835,-0.444409,-0.0286298,0.0168726,-0.0527854,-0.192805,-0.00247531,0.0604129,0.0783626,-0.0235099,0.0288487,0.10911,0.0275095,0.0163664,0.19816,0.306287,-0.00620517,0.023747,-0.00356423,0.00487325,-0.0727843,0.029093,0.246219,-0.137657,0.0155547,-0.131489,-0.299329,-0.0553138,0.00594176,-0.0014415,0.0162844,0.00417042,0.0102407,-0.246835,0.103028,-0.0051042,0.189212,0.000944772,-0.16516,0.10706,-0.039565,0.0175582,-0.0961295,0.0458465,-0.261757,0.0914402,-0.0089242,-0.00760398,-0.0124134,0.176069,-0.0283724,0.0014164,0.00601077,-0.130423,-0.1469
ф,-0.0353631,-0.0321642,-0.00612038,0.0207982,0.137682,0.0269127,0.00118951,-0.0270534,0.00667335,0.0436774,-0.0281856,-0.0491613,0.108832,-0.138643,0.0393367,-0.0187279,-0.129395,-0.00158023,-0.014344,0.0576056,-0.154584,-0.0510074,-0.0617829,0.345495,-0.193413,0.00889869,0.0957538,0.0723449,0.0226941,0.165758,-0.101121,-0.137752,-0.273631,0.0067438,0.093151,-0.0104248,0.218148,-0.2317,0.117679,0.00552446,0.00405526,-0.00861305,-0.0881052,0.0836755,-0.00244937,0.322393,0.0792957,0.000860197,-0.251486,0.0820796,-0.0459168,-0.185524,-0.130541,-0.0847485,0.218144,0.0981184,-0.0943949,-0.0117314,-0.0597866,-0.000583575,-0.00342212,-0.02683,0.0386393,0.364597
-,-0.172845,-0.0129693,0.00441986,-0.0557606,0.0644362,0.0346729,0.144739,0.109526,0.0316394,-0.0397803,0.0488997,-0.0371709,0.151246,-0.0136741,0.239093,0.220103,0.0143057,-0.147053,-0.0132604,-0.00497002,-0.225522,-0.0141381,-0.0691324,0.226441,-0.226056,0.0474832,-0.0523515,0.249804,-0.0854269,0.128668,-0.16092,-0.0163687,0.113839,-0.0148371,0.0620312,0.116717,0.0362782,-0.0184395,-0.0686386,-0.00755236,-0.107805,0.0456219,0.410599,0.260266,-0.0265543,0.047772,0.106576,-0.0038935,-0.205839,-0.12873,0.0084386,-0.0968342,-0.0532411,0.0959512,-0.0910824,0.0148794,0.0362396,0.00186819,0.0868218,0.124901,0.0181274,0.0900782,-0.26673,0.03716
э,-0.103096,0.0634757,0.00389974,-0.0719467,-0.0351121,0.0358164,-0.0372754,0.0790049,-0.0170691,-0.0557177,0.04289,0.1055,-0.127466,0.0727949,-0.0127258,0.0451546,-0.00278193,0.0490194,0.0224636,-0.0343743,-0.101459,0.0242928,-0.031909,-0.0602034,0.0805329,-0.062171,0.134711,0.121782,0.0778771,-0.0313677,-0.0960386,-0.457131,0.0613083,0.0447875,0.0865905,0.120337,0.15471,0.101125,-0.0471575,0.344338,-0.00279173,-0.0167906,-0.101216,-0.0250647,0.0856026,0.105914,0.199298,0.00869676,-0.278827,-0.0479171,-0.0155722,-0.328642,0.236698,-0.250451,0.107104,-0.0174174,0.140502,-0.0138826,0.0175629,0.000233222,0.0249376,0.0681938,0.174993,-0.1206
0,0.0754259,-0.0133449,0.0158041,0.0214474,-0.145877,0.0105017,0.017875,0.491233,-0.0302435,0.0233004,0.069368,-0.0507557,0.0334031,0.0166529,0.158533,-0.0168321,-0.0753434,0.0359056,-0.00835057,0.0512236,-0.0349383,0.0146357,-0.0133792,-0.113431,-0.0334097,0.0672865,-0.00185123,-0.0258358,-0.0505447,0.0498995,-0.710171,0.0481519,0.0457516,0.0166798,-0.044748,-0.0172139,-0.0665788,0.019898,0.0375476,0.11002,-0.00868352,-0.0648626,0.039467,0.069137,0.0168129,0.00894405,-0.0793516,0.0116231,0.0559512,-0.127851,-0.0133837,-0.115028,-0.112676,0.069337,0.0393747,-0.0205649,-0.0166216,-0.0030997,0.0328026,-0.00414914,0.00821105,-0.0135816,-0.241174,0.000548527
В,-0.283099,0.0247171,-0.0419158,-0.149878,-0.0605561,-0.0348135,0.0331193,0.293663,-0.00554765,-0.303856,-0.00641972,0.150745,0.00206021,-0.00671349,0.351894,0.0708169,-0.204848,0.0609809,-0.0340154,0.0320839,0.00268884,-0.0330676,0.0726237,-0.0987054,0.120319,0.0454503,-0.000809808,0.056194,-0.0295333,-0.216616,-0.0429625,0.218628,-0.176036,0.00800433,0.104213,0.0886688,0.141909,-0.0547165,0.190034,0.070405,0.0297971,0.00132338,0.0275042,-0.0495396,0.0697121,-0.248625,0.0111843,-0.114784,0.0329387,0.0354665,0.0651186,-0.0933177,0.05448,0.0480057,-0.344949,-0.00171337,-0.0585823,0.0686955,-0.0602667,-0.00316321,-0.0699149,-0.0198526,-0.0275771,0.149075
С,0.0506342,0.0618356,0.124103,-0.0220071,0.0806936,-0.0446434,-0.0891333,0.0615372,-0.0224945,0.0841674,0.170476,0.215696,-0.0187597,-0.0475151,-0.148426,-0.155733,-0.217731,-0.112647,-0.253719,0.0280837,-0.124487,0.0281349,-0.0609725,0.0477397,-0.163544,0.0106353,0.259537,0.0556692,0.0667083,-0.289485,-0.0668698,0.0223439,0.029304,0.0680241,0.0951845,0.0555869,0.0507575,-0.14066,-0.128048,-0.0566483,-0.034547,-0.0534861,0.0982918,-0.123021,-0.00575877,0.0355659,0.0441049,-0.355519,0.0374762,0.0555094,-0.0246429,0.154444,0.129061,-0.138931,-0.279415,-0.093931,0.0992643,-0.0714877,0.198925,0.033384,0.0448549,-0.107099,0.108349,-0.191248
"""",0.0575657,0.098261,-0.0739144,0.133091,0.0295932,-0.0421905,-0.0279294,0.128547,0.236971,-0.156575,-0.0233327,0.288677,0.00786979,-0.0791365,0.0943966,-0.0256924,-0.153827,-0.0681315,0.031554,-0.117108,-0.0763524,-0.0622829,-0.0168088,-0.0110129,0.0493837,0.104338,0.122508,-0.11653,-0.142574,-0.215668,0.0839342,-0.0834607,0.058028,-0.129413,0.231934,-0.118623,-0.0328191,-0.0651914,-0.0285233,0.130571,0.0338978,0.0218964,0.314344,0.158435,-0.0623727,-0.0862438,0.064539,-0.204806,0.0902351,0.108568,-0.00719172,-0.0226919,0.00685142,0.0175126,-0.22208,-0.0703186,0.230721,0.125748,0.164872,0.130325,0.013014,-0.124834,0.298095,0.0216339
П,-0.115696,-0.090793,0.0595361,-0.0597939,0.119499,-0.0770013,0.0254435,0.194643,-0.0181875,-0.0508273,0.280764,0.219348,-0.01864,0.179551,0.0757344,0.0546303,-0.0665904,0.0280663,0.0078175,0.00504661,-0.0411977,0.00458693,0.190156,0.132982,-0.26568,-0.00905861,0.0437163,-0.126577,0.151378,-0.0799235,-0.0501622,0.133939,-0.24605,-0.0174705,0.14696,-0.133709,0.197277,0.0589997,-0.052293,0.0887728,0.0692381,0.0118653,0.0299625,-0.197648,-0.0188723,0.0767219,0.0262698,-0.130305,0.0430951,0.0802997,0.0341277,-0.134608,-0.0852531,-0.292576,-0.25937,0.0531018,-0.282105,0.0444245,0.104549,0.0400816,-0.00197344,0.106758,0.142993,0.0589873
e,0.208259,0.041093,-0.0597829,-0.0420948,0.0507729,-0.0293889,0.00393159,0.706372,0.00138129,0.0419884,0.0582487,-0.0279012,-0.0518692,-0.0527949,0.00756485,-0.0502894,0.102631,-0.0105535,-0.0943622,-0.0396856,0.0587088,-0.0758292,-0.00827151,-0.0190146,0.00705282,0.106838,-0.043178,-0.108389,-0.0919643,-0.0023499,0.0686838,0.0375697,0.0667402,0.0606074,-0.118445,0.0862087,-0.0533911,-0.0273016,-0.0213206,-0.0033426,0.0347719,0.122466,0.442606,0.0432101,0.125459,0.0827018,-0.0677608,-0.0755075,0.00513537,-0.00077201,0.0195612,0.00532293,-0.0558141,-0.00686826,0.189998,0.0181059,0.00738958,0.00637517,0.00784456,-0.0434932,0.0180657,0.0395878,0.100416,-0.16795
О,-0.0641194,-0.074956,0.00961034,-0.0325094,0.143705,-0.0130233,-0.0759747,0.16215,0.04105,0.0580774,-0.128564,-0.100845,-0.128496,0.189603,0.0417227,-0.0717671,-0.338399,-0.12843,0.0462251,0.124775,0.014377,-0.0186858,-0.103213,-0.0293309,0.142752,-0.0257486,-0.012214,0.204951,-0.0341429,-0.137667,0.0688049,0.168909,0.0903038,0.059567,0.168049,-0.0881074,-0.0813068,-0.0423503,-0.0624801,0.0637386,0.0998752,-0.0494103,0.0111923,0.210316,-0.0625972,0.0477286,0.094425,-0.459114,-0.0953457,0.105372,0.019442,0.162573,-0.226208,0.184315,-0.00252625,0.0418326,-0.17063,-0.00113319,0.159225,-0.0223059,0.0483265,0.0157905,0.171948,-0.000131745
1,0.132989,0.0382067,0.0143625,0.0130925,-0.117891,0.0284579,-0.0985982,0.389211,0.0406964,-0.0360093,-0.136319,0.0169574,-0.0963141,0.00424728,-0.248763,-0.0197137,-0.0774784,0.0120055,0.00966153,0.0612414,-0.000920501,0.0468947,-0.0276049,0.023603,0.0765088,0.00760788,0.0459227,-0.0376841,-0.117692,-0.0546701,-0.621548,-0.0629807,0.0976207,0.0108481,-0.00229042,0.0528261,0.15106,-0.00872107,-0.0896528,-0.0064985,0.0316884,0.0714574,0.144158,-0.181183,-0.00570338,0.00635668,-0.0812891,0.0124143,-0.0864975,0.1636,-0.00573595,0.120606,0.0639523,-0.123933,-0.200126,0.0698295,0.0401063,0.0538531,-0.0287738,-0.0355156,-0.0503471,0.0542774,-0.210786,-0.0375535
К,-0.0016066,0.00536422,-0.143857,0.0340885,0.19944,0.0628921,0.0895537,0.114729,-0.0766027,0.0240834,0.192123,0.192055,0.015236,-0.0871495,-0.0737506,-0.106054,-0.0471434,0.122256,0.0625539,-0.0599434,-0.0177382,-0.00764637,0.133788,-0.0812506,-0.0673461,-0.0626391,0.286394,-0.00305829,0.107707,-0.123917,0.0410079,-0.0831594,-0.0863582,-0.176303,0.0520321,-0.170547,-0.0424136,-0.0114418,-0.190253,0.00271291,-0.102983,-0.121371,0.114783,-0.166651,-0.0911693,-0.0202077,0.369166,-0.308856,-0.0797936,-0.0191046,0.0655618,-0.104297,0.0759058,0.0773812,-0.13795,0.0886602,-0.120751,-0.0572227,0.196399,0.105755,-0.0854692,0.00318469,-0.220863,0.182873
Н,0.0181694,0.005814,-0.0269568,0.0443578,0.0769352,0.0503862,0.0772955,0.210768,-0.0525808,-0.0758932,-0.0496647,-0.0399439,-0.0970457,0.0388417,0.276608,0.157762,0.00338596,-0.0761328,-0.0343184,0.0337584,-0.0985784,-0.00301929,-0.0121025,0.0812609,-0.26954,-0.0532503,0.171432,-0.168529,-0.154645,-0.26251,0.00276739,0.181436,0.080487,-0.0410264,0.0605055,0.185536,-0.0628564,0.0939985,0.0136558,-0.105296,0.0264774,0.0906138,0.0471882,-0.0831079,0.0911399,-0.0326493,0.044512,-0.333264,0.141587,0.016202,-0.0594582,-0.107178,0.161432,-0.157069,-0.422376,0.0339139,0.126,-0.0440767,0.0417755,-0.0162868,-0.0152333,-0.0269102,0.0859834,0.158037
2,0.192394,0.0230242,-0.00547775,-0.0140825,-0.0595925,-0.0552199,-0.0789473,0.41084,-0.0375885,-0.0437609,-0.151026,0.107786,0.0107973,0.0523773,-0.0883272,0.0450792,-0.097653,0.0181682,0.0651283,-0.128696,-0.0627952,-0.0370908,-0.0171891,-0.000958345,0.0914197,-0.05877,0.0890894,0.0315123,-0.0290679,-0.035801,-0.679092,0.0187628,0.0972092,0.00114199,0.143807,0.0472268,-0.058444,-0.0350686,-0.0788374,-0.0306298,0.0682483,0.0210863,0.205152,-0.0625472,0.0655983,-0.00455687,-0.00720294,0.00182905,-0.0647964,-0.119705,-0.0324656,0.011832,0.0963464,-0.074583,-0.117663,0.0701627,-0.0338333,0.0157552,-0.167003,-0.0137051,0.0346454,-0.0210969,-0.12455,-0.0993889
o,0.0554848,0.0222018,0.0625513,-0.0143245,0.0562389,0.0393442,-0.0123512,0.727673,0.00113351,-0.0501109,0.0324725,-0.00738372,-0.128014,-0.00806092,-0.0672849,0.0350488,0.00881972,-0.0268527,0.0346163,-0.0475762,-0.0324744,0.0482751,0.00343162,-0.0310768,0.0420991,0.185546,-0.0687779,-0.0358266,-0.000636816,-0.0079661,0.115425,0.0632877,-0.0099775,-0.000677522,0.0647218,-0.0496977,0.0761212,0.0209327,0.0208961,-0.0333701,-0.012978,0.0240327,0.437456,-0.00399236,-0.0301473,0.0682087,-0.052685,-0.00102338,0.0944297,-0.0621959,-0.0545485,-0.0108578,-0.0613774,-0.074191,0.0622155,0.0715691,-0.0525541,0.0189274,-0.0528666,0.0662484,-0.0486194,0.0673704,0.113186,-0.291052
А,0.132644,0.0829725,-0.0336276,-0.0726582,-0.065733,-0.107998,-0.0922113,0.126338,0.0180824,0.0868227,-0.0119448,0.0319919,-0.0431045,-0.0942448,-0.0460748,-0.00669445,-0.188053,0.0695672,-0.053303,-0.237943,-0.170371,0.07034,-0.00667728,-0.00711976,0.160331,-0.0459614,0.26011,0.0167377,0.084725,0.100305,0.0264879,0.0694846,0.0418164,0.0276399,0.27206,0.126114,0.102422,-0.261048,-0.019935,0.0123469,0.0699678,0.0832259,-0.0175657,-0.0789273,-0.0250688,-0.0411542,-0.200222,-0.449695,-0.000389479,-0.00812439,0.0677718,-0.0948191,-0.224633,0.0474873,-0.1101,0.00838261,0.113963,0.0416361,0.235657,-0.183406,0.0332266,-0.106679,0.10885,0.114319
a,0.228902,0.163768,0.0603556,-0.0426785,0.0922237,0.10335,-0.0336867,0.709251,-0.0329396,0.00293564,0.1229,-0.0475812,-0.098988,-0.0467644,0.0014335,-0.0315258,0.0738673,-0.00679721,-0.0232022,-0.0865366,-0.0982533,-0.0225978,0.00275886,0.0392718,-0.012504,0.132815,-0.0360809,0.0323451,-0.0741101,0.0252727,0.0066971,0.0498132,0.0127201,-0.0306489,-0.0326497,0.00115771,-0.0283543,-0.0959726,-0.00292507,0.041458,0.0513425,0.0441904,0.436058,0.0346423,0.0571536,0.04905,-0.0480459,0.00738825,0.0165053,0.0145577,-0.0591877,-0.0678178,0.0140724,0.0635953,0.100696,0.149415,-0.0325202,0.0186622,-0.0326005,0.12085,-0.00614577,0.00907585,0.0317312,-0.158419
i,0.288966,-0.0111955,-0.0602587,0.032819,0.112519,-0.0646495,-0.0356062,0.648383,-0.0713465,0.031765,0.0447528,-0.0512909,0.100043,-0.0999693,0.0035875,-0.00184617,0.0522271,0.00919787,-0.025584,-0.0271511,-0.0348543,0.0416748,-0.0624701,-0.00120325,-0.0134493,0.0937353,-0.0151054,0.066066,-0.0802757,-0.0533615,0.0786074,0.0073119,0.0081617,0.0510774,-0.0941466,0.0290368,0.0585992,-0.00673603,-0.0406701,0.039325,-0.0438103,0.0246793,0.499979,-0.0502993,-0.143285,0.00684429,0.0493272,-0.0423971,0.033436,0.111246,-0.127523,-0.0739994,0.0582259,-0.104271,0.11458,0.0663628,-0.0313515,-0.0484104,-0.00157674,-0.128435,0.0317011,-0.0362613,0.0280185,-0.115748
),0.0489552,0.184895,0.168117,-0.0952396,-0.00253316,0.0133086,0.135879,0.198682,0.113662,-0.269055,-0.141776,0.0925196,-0.215316,0.00344409,-0.142656,0.0691719,-0.128865,0.0886824,-0.0751885,-0.155626,0.123811,0.0911053,-0.145815,-0.0166491,-0.0724831,-0.225085,0.0243065,-0.131787,-0.076395,-0.110366,-0.077652,0.000338214,0.0402824,-0.152112,-0.118461,0.147603,-0.197455,-0.241064,-0.0145451,-0.0976773,0.0497457,-0.154383,0.339098,0.0251308,-0.191811,-0.0415314,0.112867,-0.0436499,-0.019163,0.0100786,-0.0377398,0.113747,-0.165338,0.0567617,0.0360047,-0.0754209,0.051216,-0.0286788,0.137233,0.0505236,0.0234195,0.16688,0.0687862,0.110427
И,-0.167158,-0.125111,-0.00631762,-0.0285423,-0.0285731,0.0610048,-0.103006,0.200534,-0.0722913,0.03764,-0.0149788,0.14895,0.0339566,-0.022885,-0.01782,0.0582366,-0.15639,-0.198079,0.0486088,-0.192921,-0.0142877,0.0103908,0.0693001,0.00996553,0.173132,-0.0247628,0.128181,-0.0133459,0.00704834,0.209155,-0.0765334,0.164243,0.0773859,-0.0641315,0.0515005,-0.12021,0.0385283,0.0898265,-0.0759779,0.125108,-0.130683,0.11985,0.0107744,-0.0460378,-0.0755593,-0.0613551,-0.175773,-0.372569,-0.319142,-0.136746,-0.0284406,-0.033309,-0.179266,0.099933,-0.22152,0.0408958,-0.034383,0.0823493,0.300008,0.0345108,-0.161446,0.0404542,0.0754793,0.120435
r,0.136538,-0.0321864,-0.0689853,-0.0247768,-0.0881369,0.0801054,-0.0572995,0.700383,-0.028975,-0.029667,0.0754593,0.0116584,0.0361836,0.0775321,0.011985,0.0193816,0.0728874,-0.0307926,0.00489777,-0.00591495,0.0666322,-0.018575,-0.11179,0.00415101,-0.00794586,0.176603,-0.0300497,-0.0897567,0.0654812,-0.0704622,0.166543,-0.0157503,0.0484869,-0.0132401,-0.0246756,-0.00390261,0.0526261,-0.0244166,0.0157932,-0.0718975,-0.0660338,-0.115332,0.452889,0.0525791,-0.0447076,-0.021747,-0.0569092,0.100143,-0.0253116,-0.0606035,-0.0564817,0.0283105,0.0385941,0.0667473,-0.11705,-0.0889219,-0.0171916,-0.0616469,0.0345214,-0.117024,-0.0766129,-0.0434955,-0.0950177,-0.160156
М,-0.102126,0.132962,0.000567802,-0.0280387,0.147881,-0.0861937,0.0269477,0.17693,-0.0292695,0.0314828,-0.0371971,-0.100879,-0.0998683,0.00950678,-0.126923,0.0376371,-0.18043,0.127562,0.087957,0.145121,0.0838651,0.0780139,0.0631109,0.0616878,0.146785,-0.118979,0.0851862,-0.0994876,-0.21363,0.0950688,0.00828427,0.0160023,-0.287488,0.13952,0.0267425,-0.133099,0.183124,-0.00418574,0.0563554,0.192411,0.0340229,-0.0949334,0.0799032,-0.0109171,0.109037,-0.170812,0.219386,-0.294128,0.0743207,-0.0287077,-0.069067,0.0632738,0.0412188,0.178975,-0.373987,-0.0508943,-0.066042,0.00576615,0.0628556,-0.0417366,0.0615705,-0.128918,0.0873895,0.215103
(,0.0141465,0.0553389,-0.0475395,0.000211259,0.0235948,0.107433,0.0209107,0.00078212,0.0721387,0.219988,0.00305865,-0.158058,-0.0530777,0.134807,0.0487687,0.0790744,-0.245839,-0.0797479,0.0954576,-0.110797,-0.114896,-0.0261845,-0.00699727,0.0357537,-0.0660157,-0.109878,-0.0561493,-0.0705152,0.0596527,0.00562233,0.110305,0.15101,0.044354,0.0208733,-0.160583,-0.294017,0.0855284,-0.128926,0.0118255,0.0837957,0.0444572,0.0969951,0.384274,-0.0168997,0.00232233,-0.19712,-0.123219,-0.0959317,-0.112291,0.238537,-0.0603043,-0.148923,-0.13897,0.00690029,-0.0741889,-0.15479,0.239174,0.101736,-0.173264,0.0565123,-0.129137,0.0454996,-0.271406,0.0396402
Р,-0.117711,0.00973687,0.0141237,0.0682103,-0.0356484,-0.0649514,0.0182312,0.182891,-0.017255,-0.0120106,-0.129475,-0.107895,0.0155528,0.0050947,-0.248064,0.118365,0.0912493,0.206964,-0.00072545,0.139772,0.0685375,-0.0754456,0.0320875,0.103745,0.0865564,-0.016579,-0.0376204,-0.130675,-0.0843434,-0.0732042,0.0832302,0.130026,0.101503,-0.021501,0.188533,0.134001,0.248113,0.0448821,-0.16601,0.0548565,-0.116143,-0.0487375,0.0947031,0.0599729,-0.0509061,-0.0651753,-0.0137352,-0.379564,-0.0142268,0.0715141,-0.0737077,-0.168568,0.269533,-0.164034,-0.253193,-0.0343652,0.171737,0.154833,0.0770326,0.133713,-0.0119813,-0.0164464,-0.0802428,0.236103
n,-0.03938,0.0453225,0.00323132,0.149804,-0.0178922,-0.0391461,0.0496158,0.679349,-0.122576,-0.00683651,-0.0324377,0.0199185,-0.00867143,0.0320739,0.0247627,0.000619822,0.039208,-0.0566068,0.010006,0.0249311,0.0197071,-0.0216613,0.0406832,-0.00949408,-0.0120846,-0.125879,0.0495961,0.0205052,0.0631743,0.0245788,0.236282,-0.110303,-0.0983078,0.0681764,-0.0307993,-0.0480818,-0.0964442,-0.00778869,0.0771826,-0.0331242,-0.00502252,-0.0697686,0.499316,0.0451928,-0.0664543,-0.0189281,0.0181517,0.0332373,-0.0912186,-0.0292683,0.0456462,-0.0455355,0.128855,0.177291,0.0101102,-0.0278573,-0.0218407,0.00717667,0.00247367,0.112476,0.00612272,-0.0323173,-0.0971423,-0.0891339
t,0.176327,0.00894511,0.040406,0.0540618,-0.049542,0.0306598,0.000881469,0.632515,0.0646352,-0.0191248,0.0252659,0.0555323,0.122308,0.0394136,0.0142345,-0.0935831,0.128044,-0.0523088,0.128224,0.0992144,0.0559848,0.209673,0.0297711,-0.103878,0.00989299,-0.183102,-0.0739953,-0.0379339,-0.0805954,0.0985396,0.155966,-0.0197119,0.111706,-0.0183237,-0.0389919,-0.0330322,-0.0575074,-0.0305772,-0.0205074,-0.03045,0.0885595,0.0384556,0.464983,-0.01154,0.00029111,0.00813711,-0.00827294,0.0132509,0.0562736,-0.0166371,0.0418058,0.0501485,0.121958,0.0126672,-0.0700959,0.0759569,0.0946912,0.0151452,-0.0158726,0.0604847,0.0459491,0.0232632,0.0625264,-0.20331
Т,0.182629,-0.0606034,-0.079425,0.0877839,0.141954,0.0552801,0.0243367,0.074556,0.0914999,-0.103928,0.178762,0.0933101,-0.153405,-0.14354,0.220164,0.00112173,-0.282696,0.174574,-0.0380845,-0.0179435,-0.0995611,0.00522744,0.0165364,-0.103062,-0.0635491,-0.050792,0.333699,-0.0368963,0.0217788,-0.0235474,0.051098,0.185012,-0.0203092,0.0844233,0.296574,-0.0386171,-0.26673,-0.0428415,0.0504713,-0.0603571,-0.028585,-0.0235822,0.123837,0.0139203,0.0123053,-0.00108746,0.152309,-0.141473,0.113274,0.101225,-0.0187002,-0.0757523,0.10827,-0.1905,-0.18693,0.157219,0.0928987,-0.0440461,0.177874,-0.175471,-0.051274,0.0539251,0.051322,0.150055
Д,0.135694,0.157746,-0.024119,0.0111793,0.0837782,0.0287829,-0.0116889,0.0722301,0.104353,-0.173465,0.192506,0.0566847,0.173905,0.114145,-0.147013,0.00330158,0.0290132,0.260963,-0.0361386,-0.00241176,-0.180942,0.0661008,-0.0927731,0.0759245,0.0786116,0.0678884,0.45076,-0.0200568,0.127899,-0.0425972,-0.0605456,0.12378,-0.1343,0.0270471,0.0459974,0.00697763,0.0666172,0.0827721,0.0633892,0.078143,0.0639512,-0.0621753,0.0318309,-0.0527928,0.0353365,-0.112666,0.358104,-0.267926,0.0944124,-0.166492,0.0225502,0.03923,0.17432,0.0804302,-0.191935,-0.05144,0.0298215,-0.0418891,-0.082384,-0.0728358,0.085766,0.0883678,-0.100861,-0.0146125
s,0.200314,0.0418895,0.0993078,-0.0665829,0.0448105,-0.0222323,-0.0570096,0.603919,0.0336675,-0.0414064,-0.0327469,0.0339793,-0.00326347,0.0922229,-0.00861355,-0.0153551,0.0589241,-0.0308082,0.0158206,-0.072567,0.0375218,0.0216736,0.00489599,-0.050053,-0.00741313,-0.0154218,-0.0954674,0.0385211,0.164075,0.117786,0.221173,-0.0429296,0.0489701,-0.0314741,0.0467439,0.107925,0.0428761,0.226817,-0.0337686,0.0731235,0.0205247,-0.091655,0.491014,-0.0678468,-0.161786,0.0786647,0.00942122,0.0160205,0.0444596,-0.0847548,0.0220222,0.0512365,-0.051707,0.030677,0.0699607,-0.00738466,0.140303,0.0063139,0.0854614,-0.0226732,-0.00639668,-0.0124733,0.0201709,-0.171646
Е,0.089824,-0.0600823,0.0562912,0.0164474,-0.146852,0.0721063,-0.131726,0.147357,-0.0157346,-0.0594004,0.334306,-0.0529554,-0.049563,-0.025952,-0.29847,0.015043,0.0301322,0.00891069,0.126061,-0.0306409,0.0103876,0.00505665,-0.0612375,0.108787,0.119164,0.0581091,0.0132397,-0.0335484,-0.0209906,-0.02175,-0.0724706,-0.0195967,-0.0641651,0.0125174,0.142936,-0.137791,0.278567,0.00256202,0.0104892,-0.0944662,0.0462746,-0.0169902,-0.0597444,-0.062667,0.120815,-0.0780249,-0.234501,-0.474408,0.15421,-0.116742,0.0318174,0.138006,-0.155642,-0.0580443,-0.219526,-0.0863044,0.102754,0.0137515,0.0727511,-0.023909,-0.0262461,0.220992,0.0380393,0.00507559
Б,0.0504346,-0.0626736,0.0561922,-0.00634584,0.133217,0.120324,-0.00957964,0.103654,-0.0059522,-0.0312412,0.123581,0.0688787,0.0132057,0.00241085,0.0196604,-0.074513,0.0945408,0.198748,-0.171944,0.0294012,-0.134164,0.137596,0.134521,0.0578178,-0.0684417,0.0464077,0.184881,-0.217525,0.122304,0.0398311,-0.058536,-0.154768,-0.264363,0.0158138,0.299923,0.0721062,0.0815242,-0.162068,0.130325,-0.0263944,0.134642,0.0586708,-0.00176065,0.0371956,-0.00611643,-0.236946,0.140897,-0.367986,0.17115,0.0663143,-0.102615,0.0995207,0.0515597,0.047794,-0.207211,-0.0636768,-0.14081,0.0143604,0.18283,-0.13118,0.0187849,-0.0505052,-0.142015,-0.0231589
:,-0.0130981,-0.0969811,-0.0848267,-0.188522,-0.0459012,-0.0935355,-0.173923,0.00936204,-0.0777443,0.381795,-0.0317408,-0.0649455,0.0608422,0.0711747,0.0277758,-0.0443887,-0.249975,0.204852,0.0358236,-0.218671,-0.11445,-0.163996,-0.0226766,0.0243318,-0.00917398,-0.0533325,-0.0175556,-0.171428,0.0853994,-0.0469451,-0.0636116,-0.0481238,0.0903666,0.0445279,-0.126979,0.116177,0.244041,0.00986144,0.262731,0.0793308,-0.151947,-0.0096729,0.306008,0.115579,-0.00545643,-0.123579,-0.0104,-0.102003,-0.0222775,-0.0537872,0.0470204,-0.143224,-0.159093,-0.0296912,-0.051413,-0.0110103,-0.119028,-0.0745259,-0.127659,0.118819,0.0201022,0.0418184,-0.215213,-0.101966
9,0.0779373,0.0424405,-0.0346378,-0.0463591,-0.0368902,-0.0486937,0.00604471,0.520747,0.0331328,-0.0024911,0.0290544,-0.0271917,0.00225799,-0.0214131,-0.0226627,-0.0208841,-0.135264,-0.00165681,-0.0147454,0.0188157,-0.0661776,-0.0497605,0.0332221,0.0233737,-0.0138206,-0.0717004,-0.0057336,0.00835033,0.117274,-0.0171201,-0.644978,-0.0450697,0.0702576,-0.066274,0.0310778,0.00278045,-0.00258376,-0.0209141,0.0725597,-0.152415,-0.019877,0.015528,0.114343,-0.0210324,-0.051511,0.0542497,0.0657966,-0.0759239,0.0244031,0.226648,0.0986554,0.10093,-0.00793275,0.113002,0.0133823,0.020458,-0.0256063,-0.00311478,0.0707828,-0.0269076,-0.0083508,-0.00812972,-0.289638,-0.0043588
l,0.246118,-0.0342097,-0.013807,0.0217404,-0.0605569,0.112408,-0.0280472,0.701147,0.0497761,-0.0933077,0.00677464,-0.0148536,0.0758241,0.0574266,0.0526409,-0.0283989,0.11493,-0.0263311,0.0474574,0.0390515,0.0430202,-0.0859353,-0.100936,0.0581612,0.0350238,0.0748226,-0.0285783,0.0285173,0.0556665,-0.127982,0.209342,-0.00696849,0.107333,-0.0146919,0.0442185,0.0678671,0.0605414,-0.0194009,-0.0298162,-0.0375054,-0.0763175,-0.133119,0.424487,0.0237598,0.051161,-0.0742722,0.0672997,0.0185698,-0.0883114,-0.0731798,0.033098,0.0519483,0.0470856,0.046271,0.0837889,0.0480384,0.0118409,0.0502711,-0.0151715,-0.108342,-0.0475834,0.0530105,0.00338196,-0.0152358
3,0.131209,-0.0267972,0.00364368,-0.0311066,-0.198515,0.00120027,0.0269107,0.496591,0.0177587,-0.0733573,-0.033102,0.00596755,0.0173443,-0.0342628,-0.0237697,0.0481559,-0.0258418,-0.00987841,0.00931773,0.0429732,-0.112457,0.0176019,0.0598789,0.0861466,-0.00611085,0.025795,0.105533,0.0807628,0.0490034,-0.108373,-0.660436,-0.0537449,0.123769,-0.014342,0.0390819,-0.0900245,-0.114371,0.105777,-0.0165323,-0.109185,0.0133524,0.0326478,0.181789,-0.139801,0.00651362,0.002967,0.0655787,0.0289483,0.0156441,0.0717001,-0.0670987,0.00491029,0.00257709,-0.0573667,-0.074208,-0.0146869,-0.017336,-0.0343064,0.0335401,0.0409687,0.0186035,0.000620943,-0.19514,0.0514012
5,0.118674,0.0312642,0.0142359,-0.0165211,-0.194254,0.0038727,-0.0434638,0.47567,-0.0160547,-0.0298814,-0.0165981,-0.00251654,0.0158346,-0.00881827,0.0171801,-0.0300534,-0.0811515,0.0456396,0.0416,-0.0485617,-0.0922742,0.0162943,0.0229854,0.0236318,-0.0182338,0.0341199,0.110962,0.0349866,0.0861345,-0.0894769,-0.681428,-0.0331953,0.110456,-0.0040568,0.0559165,-0.0383079,-0.0972661,0.00154466,-0.0392057,-0.0932373,-0.004211,0.0038948,0.109719,-0.0503884,-0.0343942,-0.0406401,0.000890912,-0.014912,0.11572,0.0628905,0.0274472,0.0361499,-0.0123376,0.00776448,0.0986418,-0.0554114,-0.00794891,0.0467858,0.158668,0.0170057,0.00217579,-0.00617124,-0.287616,0.000405586
Г,0.0633411,-0.0846431,0.0328466,-0.115328,0.224341,-0.0181025,0.0248969,0.10416,-0.0378848,-0.0340166,0.0841088,-0.126302,0.0172739,7.05359e-05,-0.217517,0.0487377,-0.0119149,0.0266983,0.0496513,-0.0691741,-0.0651273,-0.163412,0.00686408,0.254937,-0.0714128,0.00129242,0.14153,-0.169113,-0.0685206,0.00960568,-0.116648,0.241391,-0.20892,-0.086385,0.16712,0.0933411,0.304892,-0.139128,-0.141289,0.00726837,-0.0224224,-0.0319853,0.0802409,0.0603068,0.18887,-0.180556,0.0230742,-0.295228,-0.16741,0.164226,-0.110444,0.0477089,-0.150713,-0.0400428,-0.213989,-0.0783637,-0.0595078,0.0362349,0.165094,0.145807,-0.0682657,-0.0317017,-0.020755,0.0969132
S,0.327038,-0.0786664,-0.053628,0.0426919,-0.0930208,-0.104839,0.0399047,0.544203,0.0784468,0.194615,-0.0290048,-0.145661,-0.0584939,0.0733724,0.00917617,-0.0178958,0.0697766,-0.0227959,0.101566,0.0867086,-0.0451431,-0.0579259,-0.0150805,-0.0354722,0.0476959,-0.104878,-0.0200839,-0.0598579,-0.048916,-0.110377,0.0186565,-0.111935,-0.00945799,-0.122546,-0.0375547,0.00654828,-0.125211,-0.0143184,0.117036,0.118135,-0.0736477,0.0539642,0.330633,-0.0500023,-0.085096,-0.0762953,-0.0234387,0.172271,-0.100478,-0.129602,0.0025246,-0.0376963,-0.149491,-0.0358724,-0.0749998,0.0115479,0.0882172,-0.232368,-0.192568,0.126398,0.0409153,-0.0760268,-0.0448543,-0.0953948
c,0.366865,-0.0233321,0.0636846,-0.10274,0.0632299,-0.107477,0.0506049,0.569933,0.0244801,0.0498628,-0.107308,0.02884,0.00672095,-0.0170265,0.0702964,-0.0221329,0.205233,0.0564293,0.0351061,0.00581023,0.0889486,0.0966227,0.0211616,-0.00451793,0.0100495,-0.0340475,0.0217427,-0.0459361,0.123799,-0.0617149,0.10085,-0.0156157,-0.0304242,-0.00831781,-0.0642347,-0.0696205,-0.0128648,-0.0288489,-0.0754896,0.0212138,0.0159539,0.0948868,0.47082,-0.0223445,0.0824455,0.0155718,0.0298059,-0.0859509,-0.0136857,-0.0765945,-0.107551,0.0803074,0.0430606,0.145665,-0.0687209,-0.103416,-0.0492691,0.00810125,0.0750331,0.120388,0.0208062,5.49295e-05,-0.126609,-0.151471
4,0.0909554,-0.0283719,-0.00369975,0.0305312,-0.179718,-0.0179562,-0.0495506,0.523221,0.0809969,-0.0532771,-0.0415381,0.0207532,0.00533792,-0.0139187,-0.0240246,-0.0284107,-0.0712392,0.0253677,-0.026181,-0.0021621,-0.0377204,-0.034837,0.072186,-0.0175757,-0.0410391,0.0492203,0.0811568,0.0301293,0.0498539,-0.0724411,-0.658968,-0.045753,0.0663045,0.0264588,0.0744375,-0.0259889,-0.0924424,0.00436128,-0.0890785,-0.083215,-0.0332301,0.0655026,0.141057,-0.0645037,0.0616097,0.0582259,0.0779769,-0.0764535,0.128481,0.0346661,0.00921134,0.025538,-0.0364337,0.0163102,0.00235819,-0.0733436,-0.0934585,-0.0356367,0.129103,0.00303244,0.0304462,0.0196029,-0.229617,0.0911314
У,-0.0263141,-0.0868133,-0.0563915,0.152062,0.134895,0.0178167,0.0468014,0.161013,0.0666791,0.00319604,0.193527,0.0040667,-0.129234,0.050464,0.219047,0.0656984,-0.0731215,0.155603,0.107467,-0.106047,-0.115918,0.024906,0.130732,-0.0384151,-0.00400675,-0.0382756,0.0639637,-0.0493214,0.102752,0.174198,0.0912468,0.110026,0.0712107,-0.0379435,0.325256,-0.0916174,-0.201194,-0.0624468,-0.0979452,0.151027,0.0350528,-0.186355,-0.0190067,-0.0402644,-0.119524,0.124013,-0.000503035,-0.237132,0.067,-0.0585134,-0.0382582,-0.113332,-0.248233,-0.0773959,-0.311466,0.00763774,-0.0209412,0.0252135,-0.000377072,-0.171192,-0.0834485,0.258597,-0.0357458,0.193241
Э,-0.238917,-0.0298422,-0.0472146,-0.172192,-0.0650877,0.00848909,-0.143919,0.176263,-0.109045,-0.0357118,0.118835,0.175224,-0.288483,0.113111,0.0845512,-0.116748,0.00930527,0.0837689,-0.0319285,0.0468212,0.0193532,0.0328311,0.0507827,-0.0752028,-0.200618,0.0061331,0.148195,0.14945,-0.0566291,-0.321473,0.0249758,-0.265238,0.0483516,-0.0427675,0.109065,-0.226187,0.174478,0.0902808,-0.107885,0.0751256,0.0935318,0.0496105,0.00443153,-0.11723,0.107909,0.206894,0.168672,-0.25821,-0.0718382,0.0542804,-0.00888915,-0.113432,0.0331494,-0.159997,-0.0577616,-0.0461388,-0.0835443,0.0557833,0.140162,0.0581472,-0.0132791,-0.0579294,0.079643,-0.057519
d,0.294188,0.0931493,-0.0157168,0.101032,0.0616488,-0.00926739,-0.00135512,0.562092,-0.0388076,-0.0513317,-0.00234328,0.103288,0.103484,0.0408413,-0.0458781,0.0321152,0.0600145,0.0726105,0.0549832,0.114051,0.00878878,-0.00584687,0.186288,-0.0104057,-0.0383245,-0.251296,-0.0324391,0.116337,0.102666,0.00531448,0.0391489,-0.00173251,0.0508904,-0.0972185,0.00807425,0.0155346,0.17299,0.0280513,0.0641752,-0.115394,-0.0227209,-0.130772,0.397502,-0.0161089,0.0741086,0.0235511,-0.0505472,-0.0344164,0.0400731,-0.0264657,-0.0184826,0.0321778,-0.0615511,0.109907,0.160597,-0.191154,-0.0118764,0.0298755,-0.121768,-0.179394,0.00544161,0.0822826,0.0837932,-0.0557583
8,0.132061,0.0184034,-0.00689845,0.0263758,-0.143693,0.00517683,-0.0182284,0.49716,-0.0282656,-0.0123277,-0.00190418,0.00143441,0.0207639,0.0250062,-0.0137342,-0.0269826,-0.0853077,-0.0239593,0.00662023,-0.0200239,-0.0365562,0.0223917,0.0109892,-0.0133661,0.00357438,0.0230988,0.0832563,-0.00782688,0.0562092,-0.0116421,-0.669679,-0.105436,0.116192,-0.0241395,0.0380681,-0.102002,-0.0633529,-0.0514256,-0.00376844,-0.0997002,0.000837514,0.0430918,0.143765,0.0566822,-0.00188253,0.018048,0.0561772,-0.0908247,0.150748,0.110997,0.0857617,0.0315843,-0.0139125,0.162795,0.0390651,-0.0039936,0.0167216,0.0648469,0.0533666,0.0270605,-0.029277,-0.000719144,-0.260286,0.0344986
6,0.092901,-0.0477925,-0.0236039,0.0197844,-0.136152,-0.0437354,0.0394945,0.478838,-0.0145973,-0.0560734,-0.0318677,-0.0509153,0.0620968,0.040975,0.0281833,0.00331496,-0.0286308,-0.0189896,0.0185514,0.0880277,-0.103157,-0.0366474,0.0492142,0.011811,-0.0558303,0.148807,0.0780277,-0.028609,0.0677681,-0.0867921,-0.652177,-0.100064,0.0538026,-0.00199537,0.0463516,-0.0677885,-0.051126,-0.00378378,-0.0639274,-0.069219,0.00122084,0.0417197,0.195067,-0.0300492,0.0349013,0.0615275,0.0780012,-0.101164,0.0999015,0.106421,0.057295,0.000162421,-0.0376004,0.0792089,0.0538709,-0.0822099,-0.0300102,0.0394553,0.11709,0.0210985,-0.0433254,0.00305938,-0.272844,0.0450444
u,0.334266,-0.129426,-0.0142534,-0.0456235,-0.0277819,-0.0572181,-0.0691506,0.62119,-0.0540031,-0.0206001,-0.0103855,-0.121489,-0.113967,-0.076907,0.0197189,0.00876605,0.0316709,0.0326535,0.0165002,-0.0421859,-0.0632367,-0.157524,-0.156492,0.0144449,0.0065904,0.021146,0.0716666,0.0030644,-0.152902,0.0013969,0.0190311,-0.0332477,-0.0427262,-0.00142339,0.0426765,-0.0880798,-0.0282403,-0.0332357,-0.118892,0.0137578,-0.0450158,0.019086,0.40599,0.0521842,0.17297,-0.0361031,-0.0337291,-0.0253902,-0.0397945,-0.0571297,0.035762,-0.0662702,-0.0205781,-0.0459749,-0.0166316,0.0645283,-0.0903297,0.00909082,0.0260913,0.0115873,-0.0318639,0.13372,0.106488,-0.247919
Л,0.0653555,0.0901984,0.12258,-0.094106,0.200735,0.0326487,0.0643103,0.0302433,-0.0319342,0.197627,-0.182208,-0.144064,0.0808436,-0.0774232,-0.0590908,-0.00075987,-0.0452711,-0.350597,-0.10291,0.265035,0.017408,0.0855414,0.126862,0.0551519,-0.0606649,-0.0361444,0.201148,-0.0032204,-0.11566,-0.113793,0.0809484,-0.012894,0.173395,0.041588,0.264347,-0.0049639,-0.0608348,0.0320235,-0.0836758,-0.0332147,0.173127,-0.0982909,-0.0328306,0.119313,-0.0879084,0.0449315,0.150548,-0.40798,0.102389,0.00794507,-0.0366211,-0.0455885,-0.0410892,-0.0752987,-0.146283,0.186523,-0.0931024,-0.0393776,0.0992911,-0.0245108,0.0897453,-0.117597,0.0544963,-0.0693178
7,0.0512351,0.0141678,-0.00388967,-0.0157619,-0.142717,0.0248656,-0.0242416,0.505893,-0.072845,-0.0946706,-0.0202722,-0.00133691,0.0834607,0.00785188,0.0374401,0.0121372,-0.0954977,0.0143105,0.0564414,-0.00408914,0.0271698,0.0237817,-0.0292517,0.0745775,0.00705164,-0.00693127,0.0502258,-0.025868,0.0473186,-0.0144215,-0.673763,-0.089331,0.064096,0.0574004,0.039454,-0.0737636,-0.0878248,-0.0226501,-0.0847051,-0.119498,-0.0442811,-0.000494941,0.116503,0.0248597,-0.0191853,0.01493,0.0350763,-0.114838,0.18404,0.0746745,-0.022266,0.0434029,0.0122618,0.0117058,0.00309958,-0.00621398,-0.0455947,-0.00947677,0.149558,0.0043426,0.0296638,0.0427336,-0.248548,0.0422733
A,0.227082,-0.111506,0.0692766,0.028094,0.00590492,-0.0610006,0.115234,0.55549,-0.0506432,0.136438,-0.11923,-0.0345566,-0.028441,0.0819053,-0.0454923,0.0099345,0.0848772,0.095133,-0.0511454,0.0437838,-0.0324597,-0.153048,-0.025097,-0.0781459,0.0487395,0.152124,0.0834721,-0.15641,0.0482805,-0.0544652,-0.0447033,-0.00899372,0.0498786,-0.0912233,-0.114625,-0.0253529,0.0596521,-0.0327493,0.0308291,0.0617292,0.101906,0.0216993,0.301873,-0.0476981,-0.0610564,-0.107298,-0.0148614,0.183007,0.0103665,0.144929,0.00788137,-0.0376369,-0.225809,-0.0514943,-0.0463276,0.0412375,-0.0579427,0.050916,-0.269744,0.234175,0.0389498,-0.0505879,0.192515,0.015621
З,0.0908745,-0.0241652,-0.042599,0.0662872,-0.0720009,-0.0106458,-0.193975,0.0654802,-0.0091834,0.0545575,-0.0487595,0.0868357,-0.164494,0.0129388,0.338918,-0.145388,-0.333035,0.00820199,-0.00813255,-0.0432565,-0.101788,0.00956215,0.0384521,-0.251796,-0.0835564,-0.169544,0.376226,0.172477,-0.0156955,0.0137001,0.0355409,0.261878,0.111808,0.041636,-0.0440781,0.00548086,-0.153491,0.140431,0.0372428,-0.0819751,-0.104483,0.0589938,0.0369111,-0.0896188,-0.0960883,-0.235418,0.0303856,-0.17389,0.0247683,0.00584189,-0.0600048,0.114188,0.052503,-0.154208,-0.140693,0.081916,-0.0399055,0.0313214,0.130984,-0.0988185,-0.0662006,0.0391431,0.00792724,0.0545884
I,0.219338,-0.14748,0.0264577,0.0595429,-0.0565851,-0.179662,0.0433606,0.414135,-0.164712,0.0597373,0.0714437,-0.153271,-0.0830174,-0.0689258,-0.0674029,0.128729,0.000778094,0.0784879,-0.0423477,-0.102991,-0.0238517,0.256742,0.00673513,0.00881889,0.0200287,0.129396,0.0779286,-0.131313,0.0947258,0.15484,0.0332312,-0.0155837,0.0465936,-0.148914,-0.00687147,0.0499154,0.0497119,-0.0626185,0.0328103,0.0252921,0.0752216,0.122367,0.200045,-0.139885,0.0566492,-0.0954727,-0.014674,0.205837,-0.00202162,0.201249,-0.0303244,-0.126319,-0.10877,-0.0126187,-0.112332,0.0716867,0.16563,-0.149356,-0.300306,-0.0424318,0.14487,0.0288114,0.207553,0.0343575
P,0.10987,-0.203814,-0.0445815,0.0373258,-0.10406,0.0232655,0.00581715,0.555441,0.134597,0.126603,-0.126618,-0.0794712,-0.130775,-0.0137693,0.00975623,-0.159684,0.0146754,-0.0580793,-0.111305,-0.00576065,0.0689778,0.0379699,0.129233,0.0350596,-0.0315077,-0.146399,0.00390326,0.0837894,0.0868889,0.104023,-0.133844,-0.128128,0.120866,0.00175872,0.0337097,-0.0675783,0.0262919,0.0468107,0.0654561,0.0901876,-0.0573423,0.0498748,0.305933,-0.164819,0.0726606,-0.119137,0.0910874,0.229575,-0.147013,0.0491497,-0.0140827,0.0757257,-0.0354773,0.0410242,0.108023,-0.0267229,-0.0688264,0.0281823,-0.280323,-0.080203,-0.0167511,-0.117006,0.0622528,-0.0714473
C,0.306677,-0.136819,-0.0365013,-0.00819225,-0.0385675,-0.125731,0.0672854,0.502716,0.18444,0.14638,-0.126899,-0.0652577,0.0278898,-0.213849,0.101952,-0.0859343,0.0381218,-0.106546,-0.0134151,0.101584,0.0462235,-0.0394803,0.137855,0.0932708,-0.0156117,-0.166343,0.0542231,-0.0161044,-0.00246065,-0.0757183,0.0415483,-0.0431691,0.064544,0.0953676,0.0909619,-0.0407672,0.0947245,-0.064422,-0.0701868,0.0448223,0.0663383,0.067381,0.356514,-0.153326,0.075363,-0.02582,-0.0746216,0.192535,-0.000895669,-0.0712893,-0.0268624,-0.0304636,-0.0985489,-0.0172046,-0.0252481,0.00689894,-0.053907,-0.0728323,-0.25949,0.078108,0.102793,0.00351183,0.020399,-0.119097
ъ,0.0142564,-0.00642788,-0.0830752,-0.103331,0.188123,-0.0442836,0.0169548,-0.0685645,0.0405051,0.00375614,-0.21266,0.0825102,0.0132318,0.0433478,-0.259874,-0.00403578,0.0737846,0.215956,-0.0276259,-0.117011,-0.113194,-0.0242093,-0.0319531,-0.222684,0.192201,-0.042289,-0.0421419,0.179448,-0.035226,-0.111279,-0.0257135,0.236944,0.0599863,-0.0245199,0.115713,0.123764,0.108242,0.0706975,-0.0282118,0.035369,0.0235961,0.034837,-0.0937687,-1.58803e-05,-0.0976378,0.129601,-0.264861,-0.0101255,0.0250696,0.103874,0.0311634,-0.17846,0.347579,-0.417772,0.0918386,0.0947599,-0.0856901,0.00666076,0.0934114,0.0362526,0.0451634,-0.0818281,0.0286386,0.00859146
/,-0.00809467,-0.103101,-0.0371926,-0.0609475,-0.00667868,0.106136,0.207435,0.0694003,-0.0122253,0.187978,0.108328,0.135111,0.0211928,-0.0365611,0.0455025,-0.21865,-0.0211321,0.0809011,0.135956,-0.0704055,-0.0812457,0.0662677,0.0389859,0.119394,-0.0211194,0.0945157,-0.0879728,-0.197237,0.011206,0.0853171,-0.218075,-0.0473776,0.0802654,0.115999,-0.0123424,-0.22456,0.13017,-0.0425086,0.146329,0.104515,-0.0534484,-0.141089,0.439667,0.158177,-0.148782,-0.00245023,-0.0154895,-0.0557003,0.111948,0.0201136,0.165559,-0.0215372,-0.256059,-0.0287762,0.160361,-0.128094,0.217421,-0.0108856,-0.11632,0.16959,-0.0510079,0.0279875,-0.018874,-0.0812073
Ф,0.110419,-0.0334042,0.00707348,0.116096,0.1371,-0.0546285,-0.0133615,0.0620891,0.0421858,0.0173498,-0.0985516,0.00705285,0.0546023,0.115532,0.102041,0.00595721,-0.320688,0.012235,-0.0911729,0.106403,-0.0540978,0.122825,-0.0234567,0.0281611,-0.116771,-0.103546,0.167706,0.0271828,-0.0329801,0.0699109,0.0422155,0.031819,-0.259026,0.0494856,0.195411,0.164295,0.213922,-0.0417664,0.0938156,-0.0219674,0.0295002,-0.173218,0.0576953,-0.0810581,-0.17643,-0.115663,0.0975014,-0.21436,-0.078883,0.143211,-0.144772,0.157251,-0.107705,-0.0866169,0.0441301,-0.318223,-0.0359989,0.099551,0.345426,-0.0299649,-0.0672198,-0.153025,0.11415,0.0733954
m,0.253954,-0.0575314,0.0268679,0.0489675,-0.00979425,0.162299,-0.0752069,0.601792,-0.0604682,-0.0712447,-0.0372908,-0.0601413,0.0873616,0.0208164,0.0321059,0.0673217,-0.0644795,-0.00725715,-0.00549085,0.0369063,0.0646592,-0.0236086,0.0281923,0.0927622,0.100701,-0.096265,0.00321019,-0.00101858,0.0444044,0.131528,0.116606,0.0466726,0.178383,0.0744638,-0.0350769,-0.0556608,0.0131456,-0.0459129,0.0411002,0.0127181,-0.0257124,-0.026938,0.527029,0.0613259,0.0638429,0.0959259,0.00414461,0.0602102,-0.0273074,-0.092876,0.059581,0.0669394,-0.0199654,-0.155517,0.017419,-0.00934078,-0.0100468,-0.00744973,0.142247,0.0458849,0.00752265,-0.0663374,0.0597519,-0.121261
;,0.0792991,0.159303,0.186075,0.185186,0.012923,-0.153977,-0.161408,-0.0714645,0.0999904,-0.0323116,-0.0846536,0.0846217,0.0957224,0.0289215,-0.0514897,0.0735632,-0.383109,-0.0293807,-0.188372,-0.0524006,-0.107129,-0.0302223,-0.19712,0.0681275,-0.0510173,0.108286,-0.0206529,-0.153345,0.148845,0.0204088,0.0103511,-0.126349,0.108528,-0.129428,-0.307072,-0.0734674,0.141929,0.0590082,0.0462961,0.210752,-0.00250574,-0.12296,0.205631,0.00773625,-0.077188,-0.0619231,-0.189617,-0.15007,-0.0611303,0.122307,0.0665462,-0.11569,-0.0338414,-0.0176771,0.0805673,0.0982545,-0.170454,0.163364,-0.123981,-0.135536,0.043951,0.0483586,-0.0929549,-0.0404281
M,0.269859,-0.0963874,-0.0597037,0.15787,-0.111878,0.0220569,-0.0283953,0.453458,-0.181181,0.0761116,-0.141875,-0.0207931,-0.0784046,0.0218235,-0.0211156,-0.0028551,-0.162012,0.00962216,-0.075679,0.0303785,0.0534241,-0.119622,0.018891,0.042921,0.00767106,-0.0300439,0.0515371,0.11848,-0.116447,0.168784,0.0153335,-0.0957251,-0.0113203,-0.0665328,-0.10822,-0.0148934,-0.0455921,-0.119304,-0.101525,0.0342957,0.0548003,-0.204974,0.315697,-0.0447212,-0.0595115,-0.147997,0.0980687,0.286611,-0.0724209,0.0363367,0.0292118,0.0334448,-0.0883304,0.0889553,-0.0759356,-0.179832,0.0680946,0.053807,-0.170088,-0.0894968,0.163131,-0.0214804,0.184245,-0.078924
p,0.285882,-0.0606135,-0.0638454,0.0484056,-0.00836369,0.0754967,0.191263,0.480378,0.0567334,-0.0548073,-0.0347449,0.0550121,0.0846616,0.0881266,0.163526,-0.161081,0.103411,0.0966623,0.107615,-0.0343437,-0.0432268,-0.0442447,0.00524249,0.047545,0.026944,-0.165194,-0.0714829,-0.151402,0.0295673,-0.0744197,0.0317861,-0.0135321,0.110465,0.00181991,0.00880271,0.0392004,-0.021031,0.0304154,0.0152735,0.199737,-0.0381139,-0.000742077,0.381145,0.0186969,0.170583,-0.0244187,0.00505643,0.0411788,-0.0211009,-0.147776,0.267775,0.0642371,-0.00280314,-0.0467903,-0.0128698,-0.052339,0.03152,-0.00672693,0.0221543,0.104804,-0.0296451,-0.117661,-0.013236,-0.299979
h,0.295787,0.0153724,0.0291813,-0.151514,0.0295403,0.124448,-0.0720461,0.567188,0.0425502,0.00525213,-0.00825692,0.0235982,0.0681031,0.0388176,0.0160861,0.133532,-0.055563,0.132994,0.0848677,-0.0323429,-0.0563245,-0.0592925,0.0543608,-0.0142488,-0.00901771,0.0636874,-0.0131818,-0.0419425,-0.119969,-0.0297999,0.159592,0.0578053,0.0398485,0.100025,0.0493488,0.0240343,-0.08967,-0.0789785,0.0989901,-0.0180605,-0.0132227,-0.0789051,0.383746,0.0878841,0.0396605,-0.0750763,-0.0213478,0.191951,-0.0282133,0.1616,0.139791,0.0296786,0.0330376,-0.0433708,-0.0658969,-0.104367,0.0418233,-0.186363,0.041153,-0.109521,-0.0476635,-0.10227,0.0813265,-0.222544
D,0.262278,-0.157043,0.104562,-0.0590203,-0.193052,0.0753724,0.0271052,0.57435,-0.060448,-0.0051632,0.0126792,0.0164336,0.0565784,-0.0595951,-0.0432246,-0.1094,0.00108683,0.0140377,-0.0301301,0.0815987,-0.0194183,-0.100239,-0.142208,0.116243,-0.115147,-0.0799508,0.0408077,0.183844,0.149903,0.0999401,-0.0337044,-0.0731504,0.103017,-0.017593,0.0128767,-0.0306186,0.0237251,0.0694862,0.0192019,0.092465,-0.0347812,0.135788,0.300454,-0.102295,-0.107257,-0.0659005,-0.0998274,0.164001,0.0177692,0.10348,-0.0131632,0.0280901,-0.185994,0.096076,0.0920809,-0.0140723,0.114949,0.0568385,-0.202882,0.0657376,-0.0140158,-0.0803241,0.104538,0.0668114
E,0.236419,-0.192209,-0.00219581,0.123452,-0.0513342,-0.024532,0.00258043,0.484143,0.0146838,0.102676,-0.111206,-0.0318268,-0.0375512,0.0612493,-0.0948536,0.0601869,0.141182,-0.0112538,-0.0351546,0.073025,-0.114548,0.0138795,0.0258015,-0.0376925,0.0158927,0.103985,0.104772,-0.0829894,-0.0470104,-0.00710293,-0.12125,-0.103779,-0.0529082,-0.078195,-0.160058,0.0388864,-0.00784359,-0.0395415,0.0577418,0.144237,0.0541772,0.186469,0.312051,-0.020928,0.0634083,0.00456983,0.088308,0.116562,-0.0412466,0.138237,0.305768,-0.0812374,-0.151213,-0.00458207,-0.0153049,-0.0968166,0.0334171,0.0990887,-0.333791,0.0937071,0.0478928,-0.0266874,0.0499019,-0.0297987
Ч,-0.129411,-0.000815835,0.0114653,-0.156313,-0.0189508,0.0396142,0.0176409,0.120265,0.0481322,0.173955,0.213265,0.153446,0.117966,0.155853,0.101442,-0.0512346,-0.0750165,0.071866,0.0392723,0.21031,0.0118822,0.0489589,0.0548037,0.0913378,-0.0335626,-0.000211508,0.167318,0.0612872,0.0260972,0.0370556,-0.177146,0.150893,-0.100483,0.0581888,0.286074,-0.226752,0.2543,0.169874,-0.0882845,-0.128432,0.0506519,-0.00868268,-0.062082,-0.108664,-0.00406338,0.196475,0.105395,-0.104687,0.138495,-0.123498,0.0369153,-0.167876,-0.0260575,-0.0943206,-0.291945,-0.0748086,-0.0976855,-0.0719133,-0.13087,-0.0847579,-0.0040421,-0.0449393,0.177269,-0.222081
g,0.349305,0.0970388,-0.0120171,-0.0309759,0.00481176,-0.0244035,-0.133333,0.556739,-0.0189234,0.0683931,0.0595316,0.0820632,0.120569,-0.124137,0.0285408,-0.0114574,0.125512,-0.00101766,0.0457411,0.132672,-0.0113228,0.105904,0.145031,0.0748407,0.0258433,-0.181686,-0.0186909,0.116775,0.00691874,-0.0810004,0.0980172,0.111786,0.0664607,-0.0627833,0.0279003,0.035605,0.0420435,-0.00333644,0.0801646,-0.0920088,0.0672617,-0.108646,0.459003,-0.0231088,0.0651511,0.132404,-0.039064,-0.121127,0.0106108,-0.0700801,-0.047235,-0.00153643,0.109718,0.00267294,0.119306,-0.0522614,0.0554924,0.0203733,-0.0946084,-0.038213,0.0136259,-0.00820449,-0.00847717,-0.00281921
T,0.237805,-0.177088,-0.0290125,0.0423095,-0.0920383,-0.00415761,-0.0544479,0.479685,0.364999,0.0920628,-0.0520773,-0.0352032,0.0149711,0.0612979,0.0117399,-0.0234132,0.0728624,0.0488938,0.0632752,-0.0135619,0.0132608,-0.0456307,-0.0466563,-0.0476805,0.00376979,-0.115391,0.047034,0.0898022,0.111896,0.111448,0.0155295,-0.26171,0.0393456,-0.0232716,-0.0567401,-0.107762,0.0119989,-0.0386315,-0.0177181,0.162526,-0.00623804,0.142152,0.335611,-0.0948459,0.0235541,-0.0889122,0.0736097,0.028956,-0.0341239,-0.109424,-0.105513,-0.0315584,-0.137339,0.0541005,-0.0752809,-0.031095,-0.0660022,0.0679551,-0.257621,0.0332832,-0.112148,-0.141697,0.122664,-0.0445972
Я,-0.0453945,0.21108,-0.00878262,-0.0847289,0.196664,0.102134,0.0908254,0.248882,-0.0977775,-0.0498915,0.139478,0.0804784,0.0927322,0.0395899,0.00530729,-0.250755,-0.133979,0.0701679,-0.0816276,0.218841,0.175691,-0.0640595,0.0088604,-0.0434592,-0.0151992,0.0748944,0.0472197,0.150881,-0.0561837,0.0209904,0.0657687,0.204845,0.133476,-0.0203235,0.00505103,0.11366,-0.0842029,0.170518,0.176294,0.232615,-0.0226273,0.151628,0.0163464,0.0634383,0.122385,0.0458382,-0.0297329,-0.332592,-0.124518,-0.0935836,-0.121612,0.0419968,0.0936629,0.182669,-0.255364,-0.0529497,-0.000511625,0.0208383,0.139222,0.0536978,-0.105783,0.145137,-0.0758456,-0.0102713
?,0.0242819,0.217292,0.01087,0.0155874,-0.0272187,0.0343485,0.0503924,0.0135794,0.0150176,0.0919319,-0.0687675,0.182788,-0.00996429,-0.115541,-0.0311433,0.248437,-0.328839,0.0812951,-0.0814884,0.00111004,-0.118245,0.0250585,-0.0541833,-0.115468,0.108132,-0.00595938,0.162738,0.00261479,0.0507954,-0.0703875,-0.0218282,-0.192709,0.021387,0.0100137,0.0600058,0.160344,0.209583,0.113523,0.0219985,-0.070617,-0.0445607,0.0846108,0.29178,0.202327,0.0758491,-0.2171,0.189695,-0.276598,0.0837711,-0.00762895,-0.0119185,-0.216614,-0.146388,-0.0491167,-0.0197602,-0.176937,-0.177976,-0.0952197,0.022862,-0.00561216,-0.0625267,-0.133955,0.144723,-0.0456601
Ш,0.0230228,-0.0683407,0.0283367,-0.0322273,-0.0148565,0.0892783,-0.254507,0.102111,-0.09555,0.100815,0.0127539,0.167867,-0.218174,-0.180922,0.0853406,0.0120457,-0.153798,0.0229748,-0.0878934,-0.031253,-0.0280678,-0.0651632,-0.0650483,0.0746704,0.0134321,-0.0544669,0.32465,0.00604114,0.0910036,0.174364,-0.0429832,0.0539196,0.00786637,0.139011,0.0675822,-0.176881,0.0178162,0.0927844,-0.0523687,-0.32883,0.0650579,-0.150823,-0.084427,-0.036275,0.0455819,0.00366621,0.0291795,-0.144645,-0.154306,0.130749,-0.0504876,-0.0929361,-0.0207295,-0.0478676,-0.191357,0.126226,0.181913,-0.160282,0.058672,-0.171478,0.0736459,-0.274939,0.234422,-0.0716602
Х,-0.0363915,-0.0921148,0.174308,-0.0113695,0.109892,-0.189004,0.0874999,0.0977006,-0.169722,-0.0639688,0.167012,0.217439,0.0397917,-0.0327521,0.02264,-0.0119752,0.0340388,0.0108453,0.170202,0.151328,0.0269727,0.031889,-0.0980695,-0.0310968,-0.214276,-0.110237,0.117902,0.0948298,0.303603,0.00695139,0.0874903,-0.055191,-0.112371,-0.103395,0.122156,-0.243264,0.0297404,-0.0315736,-0.0824914,0.0613391,0.0917988,0.241186,-0.00833095,-0.0789688,-0.121776,-0.086694,0.251808,-0.212859,-0.108438,0.0489818,-0.202266,-0.0922738,-0.100879,-0.131701,-0.124591,0.0704804,-0.198286,-0.0537483,0.128678,0.192269,0.0388904,0.00325808,0.0901349,-0.0559589
R,0.18647,-0.187371,-0.0783491,0.0442119,-0.0966257,0.113752,0.0823282,0.533704,-0.0320348,-0.0406123,0.0183719,-0.0559058,0.171239,-0.0144736,0.0493691,0.0128601,0.0342378,-0.0733068,-0.0137783,0.0795695,0.0656523,-0.0895936,-0.244146,0.0292128,0.127898,-0.0157209,0.116012,-0.0459376,0.0662039,0.0643507,-0.0503565,-0.185405,0.0513142,-0.0276794,-0.0494616,-0.0305263,-0.027989,-0.0685331,-0.03638,0.022432,-0.0884447,-0.0683253,0.346235,-0.06169,-0.134109,-0.0280875,-0.00966982,0.151774,0.128844,0.177541,0.00364092,0.000561078,-0.127635,0.0556525,-0.0832437,-0.176799,-0.0859798,-0.131283,-0.27935,-0.0112163,-0.0305167,0.0613501,-0.0173669,0.0269503
L,0.263324,0.0402961,0.0396236,-0.141663,-0.121382,0.14718,0.10851,0.522577,-0.185933,0.0155534,-0.111108,-0.182013,0.026851,-0.0934535,0.0124119,0.169159,0.184637,-0.0636641,-0.180953,0.233785,-0.0396929,0.0410893,-0.0124426,-0.0147874,0.033098,-0.0279942,0.165435,0.0321029,-0.0703279,0.0994909,0.0385017,-0.169463,0.0850204,-0.103183,0.014344,-0.0435289,-0.03295,-0.0397715,0.0479004,0.0952101,-0.135155,0.0154694,0.290557,0.00666771,0.0102749,0.000708604,0.0466021,0.0490407,-0.00164113,0.107982,-0.00504837,0.108905,-0.0959382,-0.0102833,0.0589817,-0.150942,0.0681697,-0.0388532,-0.118014,-0.147143,-0.0968063,-0.0783744,0.0541864,-0.0464975
B,0.203359,0.0104903,0.0458138,-0.00739399,-0.0373002,0.10905,0.151624,0.439643,0.0841888,0.0883087,-0.138945,-0.211922,0.0225411,0.0503145,0.109671,-0.0990898,-0.0706821,-0.0413047,-0.204843,-0.114986,0.127754,0.0435794,0.0537541,-0.0930113,-0.0239444,-0.212712,-0.0113595,0.153609,-0.1281,-0.0460624,0.00932889,-0.0593016,0.0452097,-0.0563258,-0.0475937,-0.011705,-0.0686425,0.104239,-0.0455679,0.0374748,0.0744389,-0.0347894,0.33147,-0.176666,0.0210449,-0.0447793,0.0415904,0.160629,0.0529119,0.111936,0.096583,-0.109879,-0.0486871,0.091573,-0.0199975,-0.02227,-0.0556693,-0.160946,-0.368003,0.0018733,-0.0562726,-0.12854,0.0491634,-0.00981291
w,0.0901874,-0.0206774,0.0501525,-0.18012,0.0339132,-0.0300934,-0.0244806,0.449753,-0.077478,-0.116349,-0.051819,0.135996,-0.0524502,0.109608,-0.00159716,-0.157388,0.120056,-0.0888935,0.0210847,0.0608996,0.0332829,-0.0990871,0.190614,0.0887574,-0.0994006,-0.0368471,0.0657394,-0.190154,0.0453187,0.00140906,-0.0154674,0.0690356,-0.0697392,0.0185324,0.178382,-0.146106,0.170064,-0.0484462,-0.0307935,0.0285119,0.00369943,-0.0994381,0.292444,-0.0261186,-0.256099,0.0175159,-0.00109915,-0.0215606,0.118971,-0.132651,-0.0751023,0.117466,0.0479751,-0.0170618,-0.035876,0.0903201,-0.0400639,0.0827367,-0.153717,-0.158626,-0.0689,0.172005,0.141077,-0.319888
y,0.288758,-0.049578,-0.0368483,-0.056661,0.15747,-0.116925,-0.0222738,0.601408,-0.0176197,-0.00059591,-0.0370243,-0.13155,0.106242,0.0581341,0.132871,-0.104468,0.00607738,0.0594072,-0.0134209,0.0325319,0.111785,-0.0702942,0.0273337,0.0695865,0.0702821,0.093686,-0.033134,0.0305158,0.00280076,0.0130392,0.0945318,0.0411071,0.22665,0.0491109,0.0700813,-0.0989746,-0.0525786,-0.00405337,-0.0559173,-0.140793,-0.0546892,-0.00973619,0.411386,0.0489211,0.0622288,-0.0406136,-0.0517969,0.0509023,-0.151688,0.0277822,-0.0365638,-0.0292547,0.0284549,0.0428667,0.106959,0.0571914,-0.0509272,0.00734347,-0.0179641,0.00952631,0.0107305,0.0368651,0.191363,-0.167669
N,0.115416,-0.181709,-0.0191191,0.0139483,-0.0733658,-0.0824952,0.0154277,0.487196,-0.0293927,-0.021171,-0.0382913,0.0118383,-0.116439,0.140987,0.0148376,0.146656,-0.0283635,0.0377886,0.0109187,0.00986743,0.0382034,-0.0386266,0.0153755,0.0499267,-0.134848,-0.0237364,0.0404364,-0.0622841,0.213344,-0.0289039,-0.0586049,-0.135802,0.0228483,-0.091709,-0.0129654,-0.128876,-0.0847259,0.0923495,0.152073,-0.0314194,-0.121803,0.16428,0.320066,-0.0841691,-0.0487132,-0.0471025,0.014914,0.107214,-0.112388,0.0195864,0.0685468,0.148049,-0.173944,0.148113,-0.117647,-0.190482,0.0386497,-0.160133,-0.305621,-0.130649,-0.131519,0.0126819,0.0938414,-0.0748367
f,0.150298,0.0359261,-0.118707,-0.0307941,0.0387984,-0.0400836,0.0466647,0.52163,-0.0265667,-0.0676525,-0.0402468,-0.0221156,0.0534747,0.0872762,-0.157724,0.103953,-0.00531756,0.0602616,-0.0193645,0.0838393,0.0696897,0.0463888,-0.0326879,-0.0340123,-0.00918096,-0.233248,0.0549179,0.00074061,0.0637141,0.0781613,0.0872808,0.0113988,-0.126636,-0.0111165,0.135069,-0.00562393,-0.12247,0.154873,-0.0239471,0.0588588,0.0570651,0.0660139,0.301606,0.0801898,0.11125,-0.0508411,0.0135711,0.0119957,0.0237519,0.00534144,0.128885,0.0860916,-0.07273,0.0380506,0.00311345,0.160605,0.0740357,-0.0377169,-0.0266296,-0.156572,0.123156,0.0169506,-0.115274,-0.467585
b,0.160092,0.152184,-0.0655073,0.0787876,-0.039713,-0.065651,0.0827392,0.52889,0.154281,-0.0564782,-0.0369948,-0.030783,0.159474,0.117857,0.0886328,0.0657857,0.157326,-0.0179123,0.0204039,0.00331541,-0.0560744,-0.0989689,0.0237821,0.132979,0.0219111,-0.147316,-0.157681,0.0901284,0.0841637,-0.0530465,-0.0221242,0.0211004,0.039798,0.108398,-0.0434237,-0.0757828,0.00435334,0.187221,-0.165819,0.0793369,-0.144539,-0.1875,0.382777,-0.0939275,0.0280607,0.0882432,-0.0744368,-0.0197687,0.0585756,0.0163576,0.0491232,-0.0513982,-0.0373848,0.0605245,0.120538,-0.0496023,-0.267678,0.0683056,-0.0233462,0.0230343,0.106363,-0.0827283,0.0516784,-0.00295488
O,0.210898,-0.0778869,0.118287,-0.0538958,0.00995645,-0.0228339,0.00945055,0.491611,0.0420152,0.241073,-0.048097,-0.139409,-0.0388944,0.0622971,0.00181959,0.209692,0.1483,0.0413845,0.0261385,-0.00181006,0.0147587,0.0802756,-0.199832,-0.0816813,0.0398462,0.0687143,0.123423,-0.0231837,0.0628999,0.0161937,-0.00132489,-0.00672612,0.0365829,-0.160792,-0.0454117,0.00124554,-0.0457908,-0.0284445,0.0109992,-0.0830069,0.0248652,0.123457,0.239028,-0.00358881,-0.128112,-0.0822859,-0.072937,0.107597,0.00525424,0.0663015,0.248053,-0.150897,-0.187091,-0.0533667,-0.0914556,0.187575,-0.0240146,0.140575,-0.322065,0.0470438,-0.0745865,-0.0253044,-0.0118394,0.012712
»,-0.112263,-0.0858852,0.0745454,0.0963588,0.0573792,-0.0504533,0.0196291,-0.215629,0.0926418,0.0659075,-0.208647,-0.106546,-0.163089,-0.103223,0.021674,0.14475,-0.110149,0.0570615,-0.187998,0.208691,0.130501,-0.21392,0.0146595,0.139208,0.0474343,0.189207,-0.100042,0.0220017,0.107815,-0.0195806,0.00534942,0.0537111,0.202083,-0.0105622,-0.0887873,-0.167576,0.0643586,0.00942117,-0.108863,0.137354,-0.132715,-0.185258,-0.144488,0.0333302,0.0567208,0.195833,-0.18775,0.162289,-0.123238,0.0990106,0.195626,0.110412,0.00670685,0.0907696,-0.194561,-0.11481,0.136704,-0.0735561,0.1652,-0.107027,-0.0455175,0.189954,-0.0182927,-0.144209
«,0.11148,0.0733769,-0.20022,-0.201773,-0.0311623,0.0687899,-0.00203872,-0.0463571,-0.173688,-0.18868,-0.193902,-0.0584012,-0.0486651,0.0184792,-0.191384,-0.187558,-0.128859,-0.0800305,0.080535,0.0309129,-0.107855,-0.0639075,0.0870804,0.017045,-0.15935,0.0654161,-0.19193,-0.067357,0.148995,0.0616355,-0.120317,-0.172684,-0.0822484,0.141824,-0.124719,0.0819833,-0.182575,-0.0169838,0.0545767,-0.13726,-0.0145647,0.156675,0.21213,0.123872,-0.128962,0.195679,-0.0629875,0.0346361,-0.141897,0.192657,-0.107905,-0.0872197,-0.108157,0.0570149,-0.139623,-0.0951132,0.207736,0.0859073,-0.0394241,-0.135212,-0.0573084,-0.202075,-0.00326287,0.180498
%,0.0299515,0.017091,-0.0332776,0.12147,0.166167,-0.0539119,-0.00893559,0.369265,0.174165,-0.00306916,0.102691,-0.0643194,0.0413114,-0.0445031,-0.103107,0.0271336,-0.0535606,-0.0831082,-0.0347953,-0.0492982,0.287732,-0.0429748,0.0904152,0.0675087,-0.117894,-0.0706854,-0.0824006,-0.00937293,0.146346,-0.0584553,-0.356257,0.184288,0.258609,-0.0546543,-0.11762,0.0959455,-0.127797,0.154202,0.0200914,-0.0390172,0.0237975,-0.0907968,0.0282065,-0.0134477,0.101873,0.127004,-0.0948463,0.0488932,-0.231106,0.0928317,-0.184726,0.101564,0.0073266,0.0237092,-0.0168697,0.0302382,-0.00991752,0.0788985,0.161958,-0.11172,0.0417419,0.0052116,-0.258027,0.171326
W,0.347898,0.0667094,0.0855428,-0.0792276,-0.0497619,-0.00854726,-0.111061,0.285166,-0.156752,0.0733377,-0.0731587,0.250713,-0.0254142,-0.176785,-0.0823469,0.103075,0.032585,0.0797148,-0.20763,0.0107214,0.0510957,0.172095,-0.0247729,0.0609862,-0.004211,-0.0966744,0.0866808,0.168313,-0.110327,0.192481,-0.0514915,-0.111143,-0.0862169,-0.128738,-0.103226,-0.0274026,0.0101212,-0.152362,0.00694767,0.107676,-0.0905072,-0.128822,0.240793,-0.230551,0.101904,-0.222548,-0.0493377,0.150286,0.0417934,-0.022922,-0.061771,-0.0438425,0.0245653,0.0181039,-0.0101775,-0.0342648,0.182366,0.0596678,-0.119935,0.0343485,-0.214317,0.0494955,0.11555,-0.0711492
v,0.243311,-0.0476988,0.0282454,-0.0364487,-0.0923595,-0.0531481,-0.154715,0.481298,-0.067599,-0.0753625,0.0564595,0.130762,-0.0938217,-1.65131e-05,0.011953,-0.0860405,0.0518216,0.055234,0.0464456,0.0421988,-0.00220264,-0.0504959,0.102498,0.022271,-0.00441842,-0.284534,0.0346829,0.239267,-0.0572603,0.032452,-0.0852563,0.0738392,-0.11005,-0.0790495,-0.105225,0.000882209,-0.0440841,0.0141675,0.117556,0.013553,0.237744,0.0455701,0.406996,0.0830893,-0.0968807,0.040421,-0.0716672,0.0663482,-0.105997,-0.0377512,0.121635,0.0447419,0.19233,0.14408,-0.0193143,-0.0286503,-0.00115655,0.118523,-0.121856,-0.125542,0.0324092,-0.0218833,0.0430385,-0.0955674
k,0.223693,0.0775867,0.0351553,0.0528312,-0.0508287,-0.0690688,-0.0655312,0.530385,0.128093,0.149053,0.0311289,0.0908642,0.146941,0.120632,0.0852462,-0.0219305,-0.0104331,-0.0153392,0.0128451,0.126033,0.120694,0.0234721,0.0935455,-0.00548282,-0.00493426,-0.105765,-0.0655752,0.0411395,-0.14371,0.116693,0.0917515,0.0616299,0.0113295,0.115638,-0.0904191,-0.000433298,0.0660978,0.08506,-0.0322354,-0.0975639,0.0531969,-0.0347387,0.389055,0.0998584,-0.0340196,0.00132653,-0.08415,0.169378,0.035433,-0.0105717,-0.137425,0.127248,-0.0827175,0.0503902,-0.0687509,-0.0783698,-0.0505375,-0.00101271,0.0834737,-0.109582,0.0430465,0.0232215,0.0605305,-0.347583
Ц,0.104103,0.182783,0.0504463,-0.102897,0.162575,0.0514075,-0.038423,0.00623087,0.164617,-0.0468958,-0.104747,0.00658215,0.180009,-0.0651366,-0.0819418,0.0653865,-0.25268,-0.150581,0.120426,-0.126886,-0.26607,-0.127567,0.0353384,0.173006,0.192175,0.107809,0.290898,0.0617679,0.0205371,0.186375,0.0374418,0.0287261,-0.227083,0.0497933,0.171393,0.180375,0.21026,-0.109916,0.146355,-0.0359287,0.12724,-0.0989017,0.0546964,-0.119815,-0.0455154,-0.0520268,-0.0716441,-0.0251387,-0.121212,-0.0905623,0.0329959,0.108128,-0.11798,0.146846,-0.248842,-0.026194,-0.054602,0.00618177,0.0709202,0.0484625,0.0963551,-0.0918446,0.0579294,0.0166207
F,0.188743,-0.0763203,0.0662731,-0.0021932,-0.131073,-0.0282903,0.0764768,0.435136,0.145763,0.0740086,-0.1221,-0.0100251,-0.0538167,0.0454468,0.00334384,0.115664,0.0840259,-0.0316469,-0.214571,0.157285,-0.0765945,-0.0816842,0.0181758,-0.00712252,-0.0850051,-0.15728,0.0848274,0.237405,-0.205221,0.101977,-0.0923229,-0.196845,0.0811994,0.0955594,0.0272401,0.0453346,-0.0277869,0.151414,0.0137403,0.017482,0.0520931,-0.0564876,0.309949,-0.0952534,0.1591,-0.139875,0.0222109,0.215707,-0.0548454,0.143464,0.0265523,-0.0887329,-0.0778028,0.024383,0.0790735,0.0347023,0.00308134,0.0431949,-0.235213,-0.0379444,0.0281911,-0.160763,0.122702,-0.039501
G,0.26664,-0.140272,0.000216328,0.113393,-0.148482,-0.153212,0.287373,0.454999,0.250833,0.110135,-0.111763,-0.0415428,-0.0120181,-0.23592,0.0191744,-0.0326127,-0.0759982,0.0231257,0.0142123,0.0214406,0.112248,0.00562965,0.0813484,0.029719,-0.035358,-0.177594,0.0704477,0.159631,-0.0654035,-0.0531264,-0.0467566,-0.0874444,0.0295674,0.0715049,0.0025878,-0.0991383,0.0428374,0.0827058,-0.0172106,0.0867433,0.0520108,-0.0485129,0.32699,-0.107286,0.000582535,0.000725424,0.0111398,0.165891,-0.095747,-0.0272748,-0.0656171,0.00667826,-0.0215153,0.00115509,-0.02368,0.0218242,-0.11586,0.0372923,-0.275932,-0.063077,0.0165493,0.0780002,9.06618e-05,-0.0834533
V,0.108334,0.0111954,0.0449104,-0.243942,-0.144131,-0.02723,0.064468,0.415477,-0.134709,-0.111448,-0.0664966,0.203058,-0.0155552,-0.0466751,-0.136592,-0.0239825,0.0809708,-0.152196,-0.15357,0.172642,-0.084509,-0.141676,-0.0231635,-0.0176515,-0.050551,-0.138746,0.10591,-0.072776,-0.0312475,0.224938,-0.142818,-0.0621476,-0.0290299,-0.0549683,-0.0247267,-0.204289,0.00776892,0.15048,-0.117497,-0.0183752,0.0576234,-0.10983,0.221955,-0.0937101,-0.00754209,-0.114445,0.0198596,0.197058,-0.207063,0.0947531,-0.0346017,-0.0844597,-0.0774792,0.0371373,-0.127159,0.0381882,0.0207661,0.0516465,-0.225249,0.145549,0.17783,-0.0411664,0.050854,-0.0117773
–,0.0266418,-0.0315642,0.165395,-0.0457014,0.166015,-0.162327,0.0337782,0.152825,0.0562285,-0.146649,-0.0812769,0.0148521,-0.269638,0.198838,-0.141653,0.23872,-0.0039845,0.00901399,0.118971,-0.156398,0.0638247,-0.0951737,0.0348872,0.0175303,0.0434749,-0.190206,-0.169184,0.0706461,-0.15409,0.131397,-0.287575,-0.064123,0.217838,0.0841928,-0.0138992,0.123467,-0.0222198,-0.0225624,-0.0833861,0.0920133,-0.151185,-0.0970684,0.0558579,-0.186286,-0.0343185,-0.116107,-0.0480774,-0.207083,-0.0533183,0.0717499,0.181243,-0.0616113,0.017048,0.127185,-0.00728616,-0.0841537,-0.0411801,0.117321,-0.0195028,0.0521446,0.210721,0.252204,0.0637884,-0.0393933
H,0.283116,0.0743406,0.169966,-0.0801278,-0.135199,-0.0706375,0.229163,0.448679,0.150233,0.087615,-0.19783,-0.0309763,0.0255607,-0.148543,0.0877788,0.0921806,0.0463761,0.0498524,-0.11767,0.0295287,-0.075806,-0.140348,0.0743786,0.0921741,-0.0453462,0.0524413,0.030564,0.0218792,0.096771,-0.114639,0.091668,-0.125948,-0.0417558,0.0455108,0.13604,0.00897616,-0.00494346,-0.11145,0.0685528,-0.0393646,-0.00267512,-0.138924,0.350607,-0.122312,-0.148462,-0.0204988,0.0285456,0.137209,-0.0868702,-0.111667,0.124237,-0.114588,-0.0137988,-0.0971084,-0.000900449,-0.0651589,0.0207271,-0.110552,-0.192939,-0.0426349,0.0881624,0.00229894,0.0287305,-0.133019
x,0.250096,-0.210351,-0.104987,0.0602818,0.0444344,-0.033569,0.00826705,0.389744,0.261667,-0.0808907,-0.00344591,0.0436879,0.0610302,-0.0718923,0.00200625,0.135804,0.11009,0.107486,0.090248,0.067,0.123655,-0.0557186,-0.0225788,-0.204223,0.0952461,0.00330314,0.0881904,-0.0314741,0.0119443,-0.0923054,-0.0872935,0.06241,0.0973896,-0.19372,-0.311829,0.0550371,-0.0468744,0.0419894,0.0680111,0.0297879,0.0534349,-0.0603156,0.322405,0.074019,0.100378,0.104522,0.0874261,-0.0407584,0.0873199,-0.0393842,0.131338,0.0848729,0.0325412,0.0416686,0.0103592,-0.0265144,-0.0674332,0.00987405,0.0727808,0.0248796,-0.0263269,0.209176,-0.278219,-0.107864
!,-0.0232346,0.286814,-0.200101,-0.0438397,0.0113636,-0.0439647,-0.0788371,-0.0153687,0.0431285,0.161892,-0.0835733,-0.0147418,-0.0302855,-0.074155,-0.00371554,0.111133,-0.253257,-0.0643974,-0.0464103,-0.0476341,-0.111396,0.0112907,-0.268278,0.00834227,0.0460455,-0.200446,0.0226449,-0.108226,0.138639,0.0131113,0.0400925,-0.105209,-0.0177793,-0.0129546,0.191008,0.0399029,0.115722,0.236487,-0.0115027,0.0605862,-0.0405582,0.104246,0.220561,0.195266,0.0792176,-0.141128,0.137025,-0.18772,0.0969754,0.0839095,-0.160446,-0.237986,-0.0696131,-0.0342031,-0.0886197,-0.197081,-0.314293,-0.0442093,-0.0347994,-0.0746377,0.0013087,0.0456689,0.083628,-0.0973626
Ю,0.082177,0.193405,0.12226,0.16562,0.233892,-0.123204,0.0158203,0.0112248,0.0982652,0.154926,0.0185896,-0.0191359,0.039032,-0.00834809,-0.279063,-0.0701774,-0.179017,0.0155142,0.112723,-0.0225781,0.00812973,-0.0161599,-0.0225663,0.0959355,0.120983,0.0837192,0.166639,-0.0632229,-0.145269,0.207257,0.0249793,-0.161845,-0.0642942,0.0546703,-0.0580885,-0.00882716,-0.0791429,0.178058,0.163506,-0.152693,-0.176711,0.0902295,0.00909879,-0.0312102,-0.0213304,0.0199888,0.244809,-0.372479,0.0664929,-0.0599952,0.155044,0.0744759,-0.0625905,0.244218,-0.170109,0.0613118,-0.136349,-0.10408,0.0290496,-0.0358996,0.116639,0.0621186,0.0423057,0.0373005
U,0.298644,-0.0324159,-0.157731,-0.0808854,-0.0522496,0.0901515,-0.119966,0.359998,-0.114873,0.129986,-0.101685,-0.129473,-0.0124927,-0.149634,0.037521,0.203526,0.0225815,0.228762,-0.0590387,0.00326843,-0.0213704,0.0770413,0.0154602,0.10373,-0.017491,0.0197151,0.0868988,-0.0468027,-0.127391,0.0615332,-0.0520439,-0.0473468,0.0113867,-0.179464,0.0551406,0.0293953,-0.102387,-0.139563,-0.0768431,0.0020945,0.0531565,-0.0244351,0.195679,-0.00942823,0.0607155,-0.0752426,-0.0844452,0.24738,-0.0452177,0.126351,0.0369191,-0.0295071,-0.150665,0.00685385,-0.101617,-0.0126926,0.0549649,0.302987,-0.276162,0.236022,-0.111326,0.0864321,-5.98278e-05,-0.00806859
X,0.179353,-0.147958,0.226621,-0.103512,-0.0797,-0.0909629,0.139455,0.353843,-0.0702469,0.0656055,0.00086181,-0.111726,-0.0595432,-0.032972,-0.0578715,0.0604219,-0.0661937,0.0320131,0.0833373,0.0264294,0.226129,0.0873969,-0.0130803,-0.0384591,0.0315244,0.0702623,0.0337519,0.0661273,-0.0146578,0.250468,-0.249131,-0.0409689,0.137683,-0.108432,-0.117779,-0.0350492,0.0597951,0.0751705,0.119315,0.110435,-0.0200749,-0.0932523,0.180858,-0.0472071,-0.0814753,-0.16913,0.0151922,0.0842302,-0.129699,0.298975,-0.00527755,0.155318,0.0424379,0.0842373,-0.0836638,0.0504621,0.0732749,-0.0869272,-0.307006,0.0780169,0.206338,0.0126495,-0.0150215,-0.0807398
*,0.0203471,0.0167081,-0.121146,-0.0128735,0.0487367,-0.0487135,0.16459,0.344689,0.101758,0.000190956,0.0033674,0.148824,-0.0663366,0.123,0.078636,0.105253,-0.287397,0.0590213,0.147417,-0.0368594,-0.028346,0.228025,-0.0141742,0.0393666,-0.0265664,0.0379126,0.0597137,-0.0998816,0.254317,-0.269479,-0.114458,0.14356,0.0528245,-0.133464,-0.0411667,0.0913511,0.0220715,0.0348798,-0.0134214,0.153208,-0.0801529,-0.136419,0.232694,-0.0584551,-0.00478398,-0.262933,-0.0278103,-0.131892,0.0155365,0.124549,0.109669,-0.00728354,-0.215585,-0.0551557,-0.276255,-0.077354,0.0107382,0.0606586,0.0320279,-0.0501985,0.106163,0.0883405,0.0271976,-0.0369595
Ж,0.0430434,0.0812711,0.129724,0.0369207,0.252477,0.0847431,0.177194,0.0544073,-0.0406079,-0.0778671,-0.11293,-0.0898239,0.163127,0.100091,-0.119408,-0.0647963,-0.155908,0.0850091,0.153539,-0.166354,-0.0206823,-0.0097237,-0.105698,0.0998797,0.1261,0.0851565,0.41469,-0.0213415,0.0164539,0.259423,0.0755351,0.060409,-0.132087,-0.08698,0.205806,0.151277,0.214953,-0.0259132,0.0211344,-0.0614436,0.0642181,0.0658025,0.0219426,-0.0777796,-0.0884507,-0.00856374,-0.0161816,-0.120858,-0.0826011,-0.0327759,0.0179855,0.0735912,-0.15218,0.0460455,-0.295812,0.139113,-0.172674,0.107265,0.0823861,-0.0154514,-0.0729889,-0.16178,-0.0520306,0.00791991
ё,-0.0818047,0.0629928,-0.0673821,-0.00682586,0.0682866,-0.194153,-0.0113123,-0.164693,-0.167466,0.136797,-0.0603126,0.211455,0.133464,-0.00868785,-0.171457,0.133108,0.206986,0.155471,-0.00566111,0.0205791,-0.00650208,0.215673,-0.00810111,-0.182278,-0.0194789,-0.181196,0.107556,0.0271982,-0.205162,0.127422,-0.0564335,0.0896116,0.160191,-0.0540556,-0.00908945,0.182381,0.0242218,0.0841007,-0.100087,0.181978,-0.15527,-0.17485,-0.00436282,0.100346,0.173501,-0.0617394,-0.180835,0.0902447,-0.211622,-0.0881504,0.0269725,0.103518,0.00517635,0.198052,-0.140449,-0.00152294,0.104244,0.201799,0.160509,-0.0171102,0.0547109,0.120337,-0.0518592,0.140046
',0.0489205,0.0299694,-0.0406689,0.0410186,-0.00509935,-0.211649,0.0879067,0.119193,-0.126365,-0.322756,-0.0419208,0.106798,0.0157082,-0.207017,0.0220231,-0.216021,-0.0277774,0.022569,0.0470951,-0.010943,0.0937665,0.207073,-0.0954664,-0.0426719,-0.0179876,0.0448085,0.00815261,-0.22259,-0.23098,0.0161281,0.215456,-0.00911727,-0.0121098,-0.109536,0.105119,-0.127103,-0.108187,0.00700556,-0.205809,0.0561922,0.0968675,-0.0514994,0.390471,0.307865,-0.0993595,-0.0983355,0.0359372,-0.0936972,0.104901,-0.0731586,0.0999698,-0.0204137,0.0312466,-0.0545467,-0.0332509,0.0073657,0.0953232,0.123374,0.0703091,0.0341414,0.0816755,0.072422,0.127618,-0.0936059
K,0.302898,0.119105,-0.0164986,0.00391251,-0.128388,-0.0675236,0.0284479,0.459486,-0.00777653,0.0944297,-0.147478,-0.120677,-0.00988982,-0.119901,-0.0130838,0.0540109,0.0357744,0.10644,-0.0904725,0.0319106,0.129514,-0.154915,-0.0377,0.0367801,-0.126291,-0.269582,-0.0412604,0.111635,-0.00931326,0.0138586,-0.143645,-0.0829696,0.0720518,-0.13142,-0.0143882,0.0597511,0.0519965,-0.273937,-0.0400532,0.144262,-0.0136941,0.0298349,0.31893,-0.109462,0.00287729,-0.0218084,-0.00233051,0.0754396,0.13634,-0.0691519,0.00386411,0.0893598,-0.00926052,-0.0849272,-0.119168,-0.100419,0.0542815,-0.0886341,-0.246551,-0.00963958,-0.0786706,-0.0667545,0.0521132,-0.0815314
—,-0.11205,0.022776,0.123659,-0.063357,0.189247,-0.00136371,0.138956,-0.171463,-0.0985135,-0.0359765,-0.005465,0.181771,-0.0596797,0.134738,0.0913189,-0.164963,0.13313,0.16859,0.066548,0.1538,-0.0405776,-0.113631,-0.0769288,-0.0628046,-0.004001,-0.170765,-0.168723,0.0833779,0.0218351,0.0413196,0.175646,-0.083541,-0.0391205,0.178136,-0.145535,0.0320601,0.188567,-0.105021,-0.16441,0.180881,-0.185845,-0.059555,-0.069767,0.00554218,-0.155568,0.188344,-0.190723,0.165879,-0.107451,-0.0956907,0.0883389,-0.172905,0.156823,-0.17432,-0.178255,-0.0172443,-0.12485,-0.025752,-0.0764254,0.000863604,-0.160714,0.036754,0.146179,-0.184514
Й,0.0343978,-0.0663405,0.0878005,0.111211,0.210339,0.00249192,0.044069,0.0551693,0.0946032,-0.0951328,0.175831,0.0455219,0.08444,-0.0616717,-0.111599,-0.137,0.0692505,-0.154002,-0.158679,0.0801684,-0.208674,-0.0836507,-0.0583728,-0.0339912,0.191984,-0.0229271,-0.0125004,0.0443268,-0.0153116,0.191409,-0.106127,-0.136981,-0.193639,0.0626657,0.0453873,0.140254,0.128344,0.0491235,-0.119883,0.128555,-0.101173,0.120078,0.13843,0.0331693,0.0845374,0.0405736,0.192884,-0.301978,0.0718907,-0.0540832,0.0669984,-0.205154,0.0426039,-0.184695,-0.150957,0.0308782,-0.122567,-0.266783,0.307959,0.0405026,0.107151,-0.0307023,0.0361062,0.0674295
],-0.0495525,0.232174,-0.289107,0.111512,-0.0937047,-0.0341969,-0.0594619,0.232421,0.176267,-0.266928,-0.0843502,0.0232588,-0.0761978,-0.0977139,-0.116714,-0.0641971,-0.203758,0.0698107,-0.0843493,0.0136059,0.0781924,0.15644,0.18632,-0.0916655,0.0103754,0.0597258,0.0143845,-0.00212984,0.301547,-0.000301113,-0.196205,0.0081467,0.0540567,0.00985334,-0.0685824,0.187872,-0.048513,-0.0376577,-0.0951745,-0.0167715,-0.067497,-0.0521562,0.229562,0.139283,0.0090265,-0.0697523,0.115541,-0.0938187,-0.0790035,-0.131071,-0.00830194,0.0867793,-0.180796,0.0487546,-0.0844857,0.0181375,-0.0283286,0.00662246,0.0559914,0.274618,0.150793,0.147889,-0.120978,0.038346
[,0.0888481,0.0848688,0.127819,-0.0078186,-0.0162917,0.188547,0.0387656,0.148141,-0.00452258,-0.03529,0.00313426,0.188706,-0.0158558,0.0828599,0.048262,0.175934,-0.141239,0.0139696,0.0555795,-0.0778324,0.0732999,-0.165027,0.211615,-0.0106316,-0.0407092,-0.0668107,-0.0218545,0.118272,0.223632,-0.118676,-0.0800218,0.100518,0.010142,0.200042,-0.158814,0.123483,0.129239,-0.15006,-0.075578,-0.0852257,0.35425,-0.00278083,0.218983,-0.0547766,-0.020284,0.0149705,0.0756591,-0.0353257,0.00638362,0.0818565,0.00506156,0.0317766,-0.221332,-0.016886,-0.0901021,-0.28735,0.16738,-0.165358,-0.0247819,0.00473788,0.0963993,0.238055,-0.192901,-0.0148271
Ы,-0.13314,0.00448698,-0.159042,0.109784,0.069084,-0.134476,0.0674575,0.19998,0.0269886,0.079876,0.00186818,0.0191131,0.0704015,-0.0996013,-0.197613,0.0394046,-0.281829,-0.0989013,0.0683502,0.0338662,-0.0757677,0.0474518,-0.168507,-0.127129,0.0753682,-0.101205,0.137039,0.0278405,0.0253612,0.0807711,0.00386684,-0.139272,0.0771999,-0.0993595,0.283121,0.140556,-0.00806483,0.0132708,0.0380828,-0.0378796,-0.058206,-0.00857739,0.155821,0.147869,0.0326185,-0.148411,-0.000802708,-0.408278,-0.0553408,-0.0506376,0.0325043,-0.0789609,-0.0429677,0.000180314,-0.317678,-0.040507,0.17271,-0.167366,0.13145,0.0465425,0.101448,-0.0375505,0.170172,-0.106713
z,0.35729,0.115213,0.0824801,0.191117,-0.104416,0.0712529,-0.0888254,0.409289,-0.137333,0.0742086,0.0546781,0.0653326,0.0213358,0.0905657,0.101954,0.116719,0.00221231,-0.0763816,-0.110154,0.0483056,0.0509698,0.025685,-0.116247,0.16077,0.0450849,-0.125495,0.027784,0.0571493,0.0429798,-0.124418,0.150332,0.213071,0.0941661,0.0600906,0.0571476,0.0185061,-0.0148921,-0.113784,-0.0349469,-0.0775457,0.0794687,0.0145159,0.318807,-0.0884651,-0.0314089,0.17148,0.0237107,-0.059655,-0.0237093,-0.193066,0.0408818,0.0276676,0.102548,0.0787995,0.210981,-0.0826596,-0.163165,-0.0790038,-0.0652213,0.120051,-0.0580183,-0.121295,0.147245,-0.0579299
•,-0.150846,0.141359,-0.215473,-0.162503,-0.110879,-0.00816389,-0.0393777,0.158247,0.14922,0.0977538,-0.0956111,0.0190316,0.122138,-0.218008,-0.0619624,0.0736279,-0.0246749,0.225208,0.168941,0.140075,-0.000898721,-0.0680063,-0.0961648,-0.22773,0.0563399,0.0548408,0.0313297,0.159566,0.132437,-0.15495,-0.0623504,0.0610094,0.0463717,-0.00707392,-0.0460828,0.15441,0.0773922,-0.0577305,0.216358,-0.0180786,-0.212187,-0.128553,-0.213518,-0.136172,-0.0687419,0.0331068,0.211357,-0.085965,0.223089,0.0666132,0.0464778,0.0606424,-0.154595,-0.0734782,-0.054653,-0.145662,-0.133003,0.0389981,0.0530827,-0.187737,-0.0286089,0.0766414,-0.185989,0.0716859
J,0.186422,0.103894,-0.0852424,-0.0931628,-0.141787,0.0475165,0.0830749,0.364728,0.0777368,0.139761,-0.113777,-0.165826,0.127026,-0.193488,-0.0988826,-0.0979901,-0.057975,-0.0394554,0.0137424,0.147097,0.089297,0.0469824,-0.118715,-0.0553546,0.0444795,0.132079,-0.109468,0.00534385,0.0436515,-0.242327,0.118678,-0.288694,0.111298,-0.136871,0.13893,-0.0397503,-0.00210482,-0.0138406,0.0737137,0.0988517,0.0952449,-0.00715094,0.256937,-0.114429,-0.228866,0.0645017,0.103164,-0.058554,0.0616572,0.0166506,-0.113096,0.0246448,0.0322542,-0.00370944,-0.0552476,-0.241874,0.0480135,-0.0499561,-0.135286,-0.194859,0.0763206,-0.0290006,0.0509139,-0.130402
Ь,-0.246462,-0.0478463,-0.0826837,0.0129546,0.086137,-0.00693995,-0.0587171,0.205687,0.162132,0.111595,0.00889033,0.143435,0.0600001,0.00825801,-0.0342104,-0.0735699,-0.151899,-0.064691,0.0765779,-0.101556,-0.0848632,0.0364849,-0.183599,-0.01046,0.0801834,0.129714,0.036207,0.131814,0.136099,0.0617671,0.0666286,-0.121496,-0.0264031,-0.0980127,0.0913881,0.0814083,0.0507269,0.104852,0.0623667,-0.108281,-0.0975444,0.133435,0.235003,0.149841,0.0483321,0.000942246,0.0404061,-0.591688,-0.0562891,-0.00478178,-0.0097352,-0.0962709,-0.122313,-0.0280607,-0.174925,-0.120763,0.13335,-0.0570567,0.145172,-0.0487259,0.0111271,-0.0469005,0.0603386,0.0191623
Q,0.223902,-0.089808,-0.118535,-0.038593,-0.106954,0.210674,0.123799,0.394645,0.0895589,0.00952538,-0.08163,-0.191089,0.185965,-0.0468653,0.0972058,0.114898,0.0638408,0.138897,0.0825537,0.137852,-0.00386168,0.0108743,0.173736,-0.0205165,-0.095944,-0.000117831,0.0217556,0.0470743,0.0638363,0.022549,-0.0661179,0.0513176,-0.0104821,-0.0402409,-0.110445,0.0107121,-0.10704,0.13238,0.153834,0.0854657,-0.0917112,0.0408482,0.151244,-0.0867764,-0.193537,0.0106831,0.132229,-0.0275308,-0.0660505,0.0841677,-0.108209,0.188908,-0.123423,0.0449616,-0.106619,0.0451576,0.0940009,0.200991,-0.219952,0.126388,-0.231232,-0.235515,0.0213382,-0.0496916
$,-0.0155439,-0.112804,-0.0146565,0.138503,0.0383925,0.00628942,0.109006,0.261478,-0.00330274,0.0118132,-0.012733,-0.210321,-0.221421,-0.117154,0.170869,0.0377908,0.127184,-0.00327533,-0.178702,-0.156805,0.100782,0.0130293,-0.133215,0.060508,-0.150091,-0.278288,0.0233578,-0.104289,-0.0568053,-0.13643,-0.436856,-0.0562811,0.043462,0.0166895,-0.0427724,0.108498,0.0536982,0.241939,0.0953635,-0.0759408,-0.00247901,-0.00473255,0.0956627,0.030983,0.0367136,-0.0205572,0.0668388,0.0801316,-0.113474,0.118739,0.0473053,0.066668,0.00356521,-0.158137,-0.131969,-0.1588,0.123397,0.111027,-0.0132386,0.00380756,-0.0410621,-0.0739819,-0.21193,-0.142418
Y,0.188058,-0.0748803,-0.280478,-0.0528461,-0.128798,-0.0599469,0.0266431,0.362584,0.16713,0.196229,0.00513828,-0.132782,-0.0520921,-0.00878493,0.147169,0.0653727,-0.0743369,0.11486,-0.0949524,0.0702257,0.164759,0.0170794,0.143069,-0.160577,0.0428275,0.0387748,-0.0439523,0.151416,-0.0637871,0.00354278,0.101956,-0.218728,0.0440078,-0.053536,0.22191,-0.358505,-0.0852605,-0.0276489,-0.0353078,-0.0792661,0.0339366,0.0638912,0.157194,0.0224741,-0.167468,0.103962,-0.0220818,-0.0183531,0.00262117,-0.0822732,0.109264,0.126697,-0.0447728,-0.0137844,-0.0660317,-0.0375793,-0.0708556,-0.0492975,-0.207725,-0.000682507,-0.118191,-0.0734362,0.185003,-0.0181592
”,-0.0231002,0.0414372,-0.0962748,-0.162278,0.210281,-0.184672,-0.0369997,0.0227486,-0.0219497,-0.180001,-0.0377581,-0.144904,0.0982021,0.196785,0.0748271,-0.174417,0.182844,0.115691,-0.00472846,-0.0476557,-0.149511,-0.125172,-0.180953,-0.14789,0.0704194,-0.179489,0.157404,0.00544258,-0.118986,0.0226256,0.131263,-0.08278,0.0984754,0.167959,0.00608887,-0.107174,-0.0416315,-0.197189,0.154577,-0.00877459,-0.0602703,0.213181,-0.192548,-0.135616,0.0684555,0.0564947,-0.179568,-0.205362,0.00507889,0.167619,0.0211715,-0.0956027,0.189409,0.00453388,0.00899537,0.0574891,0.171858,0.0861318,0.12357,-0.0515013,-0.154794,0.0864009,0.0444709,-0.183395
“,0.195049,-0.175048,-0.0265442,-0.144555,0.0998242,-0.0681309,-0.0207005,0.0250292,-0.105396,0.133219,-0.122116,-0.188431,-0.132811,0.152459,-0.0632788,0.102401,0.135447,-0.0186791,0.20746,0.0881644,-0.043986,0.0402809,0.11574,-0.082756,-0.0367937,0.066184,-0.159704,-0.0638771,0.179342,0.0982057,0.178945,0.0846848,-0.040714,-0.0230347,-0.149095,0.0343668,0.132129,0.175558,-0.187455,0.200349,0.0738159,0.127086,-0.209697,-0.00500405,-0.179018,0.202331,-0.0990323,-0.0224138,-0.00805267,-0.087147,-0.0729469,0.190331,0.0735027,-0.0923112,-0.107051,-0.143876,0.12108,0.0393213,0.179187,-0.188639,-0.0746928,0.206382,0.116632,-0.103735
+,0.105679,-0.0368656,0.253738,0.0268594,0.00875318,0.082729,-0.316524,0.255847,0.236545,0.0797254,-0.0816736,-0.110955,-0.0464959,-0.153199,0.0782768,0.0751016,-0.106411,0.101049,-0.14999,-0.157487,-0.0523282,0.0334915,-0.15859,0.168911,-0.0134104,-0.127485,0.0157743,-0.0574965,5.40625e-05,-0.127594,-0.155777,0.105259,0.0510965,-0.0481229,0.183913,-0.0527833,0.0623023,-0.0284168,0.0572162,0.180793,0.143385,-0.116192,0.20008,0.100126,-0.0999664,-0.0935316,-0.00399259,0.0665494,-0.143691,0.218641,-0.016661,-0.133656,-0.202459,0.0609924,0.04917,0.0146776,0.169684,-0.089481,0.0260655,0.203095,0.108101,-0.0747973,-0.116678,-0.00886696
>,0.0799533,0.00683304,-0.162964,0.152218,-0.0365822,0.123085,0.134436,0.191453,-0.0327353,0.0235249,0.12529,0.166569,-0.126769,-0.0271628,0.169094,-0.0920368,-0.0167493,0.210941,0.243128,0.0801224,-0.0265565,-0.0544871,0.0269736,0.0912551,-0.139627,0.0900054,0.21667,0.163269,-0.00896006,0.0227431,-0.00105876,-0.0700453,0.0460929,0.033373,0.159043,0.196849,0.140831,0.127064,-0.160661,-0.196941,0.0577888,-0.0645618,0.235702,-0.0592141,0.0121653,-0.0678385,0.174208,-0.15752,0.205221,0.00372479,0.070443,-0.137655,-0.139971,0.0473578,-0.0794732,-0.112928,-0.164177,0.130964,-0.113112,0.189531,-0.174172,0.109144,-0.0643087,-0.0587225
